'ICD-9-CM CODE','SURGERY FLAG','ICD-9-CM CODE DESCRIPTION'
'0050','2',IMPLA RESYNCHR PACEMAKER W/0 (Begin 2002)
'0051','2',IMPLA RESYNCHRONIZATION DEFI (Begin 2002)
'0052','2',IMPL/REPL TRANSVENOUS LEAD L (Begin 2002)
'0053','2',IMPL/REPL PACEMAKER PLSE GE (Begin 2002)
'0054','2',IMPL/REPL DEFIBRIL GENERATOR (Begin 2002)
'0055','2',INSERTION OF DRUG-ELUTING STENT(S) OF OTHER PERIPHERAL VESSEL(S)
'0056','2',INS/REP IMPL SENSOR LEAD (Begin 2006)
'0057','2',IMP/REP SUBCUE CARD DEV  (Begin 2006)
'0058','1',INS INTRA-ANSM PRES MNTR (begin 2008)
'0059','1',INTRAVASC MSMNT COR ART (begin 2008)
'0060','2',INSERTION OF DRUG-ELUTING STENT(S) OF SUPERFICIAL FEMORAL ARTERY
'0061','2',PERC ANGIO PRECEREB VESS (Begin 2004)
'0062','2',PERC ANGIO INTRACRAN VES (Begin 2004)
'0063','1',PERCUTANEOUS INSERTION OF CAROTID ARTERY STENT(S)
'0064','1',PERCUTANEOUS INSERTION OF OTHER EXTRACRANIAL ARTERY STENT(S)
'0065','1',PERCUTANEOUS INSERTION OF INTRACRANIAL VASCULAR STENT(S)
'0066','2',PTCA OR CORONARY ATHER (Begin 2005)
'0067','1',INTRAVAS MSMNT THORC ART (begin 2008)
'0068','1',INTRAVAS MSMT PERIPH ART (begin 2008)
'0069','1',INTRAVS MSMT VES NEC/NOS (begin 2008)
'0070','2',REV HIP REPLACETAB/FEM (Begin 2005)
'0071','2',REV HIP REPLACETAB COMP (Begin 2005)
'0072','2',REV HIP REPLFEM COMP (Begin 2005)
'0073','2',REV HIP REPLLINER/HEAD (Begin 2005)
'0080','2',REV KNEE REPLACEMTTOTAL (Begin 2005)
'0081','2',REV KNEE REPLTIBIA COMP (Begin 2005)
'0082','2',REV KNEE REPLFEMUR COMP (Begin 2005)
'0083','2',REV KNEE REPLACEPATELLA (Begin 2005)
'0084','2',REV KNEE REPLTIBIA LIN (Begin 2005)
'0085','2',RESRF HIPTOTAL-ACET/FEM (Begin 2006)
'0086','2',RESRF HIPPART-FEM HEAD  (Begin 2006)
'0087','2',RESRF HIPPART-ACETABLUM (Begin 2006)
'0101','1',CISTERNAL PUNCTURE
'0102','1',VENTRICL SHUNT TUBE PUNC
'0109','1',CRANIAL PUNCTURE NEC
'0112','1',OPEN CEREB MENINGES BX
'0114','1',OPEN BRAIN BIOPSY
'0115','1',SKULL BIOPSY
'0118','1',OTHER BRAIN DX PROCEDURE
'0119','1',OTHER SKULL DX PROCEDURE
'0120','2',IMP/REPL BRAIN PULSE GEN (Begin 2010)
'0121','2',CRANIAL SINUS I & D
'0122','2',REMOV INTRACRAN STIMULAT
'0123','2',REOPEN CRANIOTOMY SITE
'0124','2',OTHER CRANIOTOMY
'0125','2',OTHER CRANIECTOMY
'0126','1',INS CATHCRANIAL CAVITY (Begin 2005)
'0128','2',INTRACEREB CTH-BURR HOLE (Begin 2006)
'0129','2',REM BRAIN PULSE GENERATR (Begin 2010)
'0131','2',INCISE CEREBRAL MENINGES
'0132','2',LOBOTOMY & TRACTOTOMY
'0139','2',OTHER BRAIN INCISION
'0141','2',THALAMUS OPERATIONS
'0142','2',GLOBUS PALLIDUS OPS
'0151','2',EX CEREB MENINGEAL LES
'0152','2',HEMISPHERECTOMY
'0153','2',BRAIN LOBECTOMY
'0159','2',OTHER BRAIN EXCISION
'016 ','2',EXCISE SKULL LESION
'0201','2',LINEAR CRANIECTOMY
'0202','2',ELEVATE SKULL FX FRAGMNT
'0203','2',SKULL FLAP FORMATION
'0204','2',BONE GRAFT TO SKULL
'0205','2',SKULL PLATE INSERTION
'0206','2',CRANIAL OSTEOPLASTY NEC
'0207','2',SKULL PLATE REMOVAL
'0211','2',SIMPLE SUTURE OF DURA
'0212','2',BRAIN MENINGE REPAIR NEC
'0213','2',MENINGE VESSEL LIGATION
'0214','2',CHOROID PLEXECTOMY
'022 ','2',VENTRICULOSTOMY (end 2010)
'0221','2',INSERT/REPLACE EVD (Begin 2011)
'0222','2',INTRCRAN VENT SHUNT/ANAS (Begin 2011)
'0231','2',VENTRICL SHUNTHEAD/NECK
'0232','2',VENTRI SHUNTCIRCULA SYS
'0233','2',VENTRICL SHUNTTHORAX
'0234','2',VENTRICL SHUNTABDOMEN
'0235','2',VENTRI SHUNTUNINARY SYS
'0239','2',OTHER VENTRICULAR SHUNT
'0242','2',REPLACE VENTRICLE SHUNT
'0243','2',REMOVE VENTRICLE SHUNT
'0291','2',LYSIS CORTICAL ADHESION
'0292','2',BRAIN REPAIR
'0293','2',IMPLANT BRAIN STIMULATOR
'0294','2',INSERT/REPLAC SKULL TONG
'0296','1',INSERT SPHENOIDAL ELECTD (Begin 1992)
'0299','2',SKULL & BRAIN OP NEC
'0301','2',REMOVAL FB SPINAL CANAL
'0302','2',REOPEN LAMINECTOMY SITE
'0309','2',SPINAL CANAL EXPLOR NEC
'031 ','2',INTRASPIN NERVE ROOT DIV
'0321','2',PERCUTANEOUS CHORDOTOMY
'0329','2',OTHER CHORDOTOMY
'0332','1',SPINAL CORD/MENINGES BX
'0339','1',OTHER SPINAL DX PROC
'034 ','2',EXCIS SPINAL CORD LESION
'0351','2',SPINE MENINGOCELE REPAIR
'0352','2',MYELOMENINGOCEL REPAIR
'0353','2',VERTEBRAL FX REPAIR
'0359','2',SPINAL STRUCT REPAIR NEC
'036 ','2',SPINAL CORD ADHESIOLYSIS
'0371','2',SUBARACHPERITON SHUNT
'0372','2',SUBARACHURETERAL SHUNT
'0379','2',OTH SPINAL THECAL SHUNT
'0393','2',INSERT SPINAL STIMULATOR
'0394','2',REMOVE SPINAL STIMULATOR
'0397','2',REVISE SPINE THECA SHUNT
'0398','2',REMOVE SPINE THECA SHUNT
'0399','2',SPINE CANAL STRUC OP NEC
'0401','2',ACOUSTIC NEUROTOMY
'0402','2',TRIGEMINAL NERV DIVISION
'0403','2',PERIPH NERVE DIV NEC
'0404','2',PERIPH NERVE INCIS NEC
'0405','2',GASSERIAN GANGLIONECTOMY
'0406','2',PERIPH GANGLIONECT NEC
'0407','2',PERIPH NERV EXCISION NEC
'0412','1',OPEN PERIPH NERVE BIOPSY
'0419','1',PERIPH NERVE DX PROC NEC
'043 ','2',PERIPHERAL NERVE SUTURE
'0441','2',DECOMPRESS TRIGEM ROOT
'0442','2',CRAN NERV ROOT DECOM NEC
'0443','2',CARPAL TUNNEL RELEASE
'0444','2',TARSAL TUNNEL RELEASE
'0449','2',PER NERVE ADHESIOLYS NEC
'045 ','2',PERIPHERAL NERVE GRAFT
'046 ','2',PERIPH NERVE TRANSPOSIT
'0471','2',HYPOGLOSSFACIAL ANASTOM
'0472','2',ACCESSORYFACIAL ANASTOM
'0473','2',ACCESSHYPOGLOSS ANASTOM
'0474','2',PERIPH NERV ANASTOM NEC
'0475','2',POSTOP REVIS PER NERV OP
'0476','2',LATE REPAIR PER NERV INJ
'0479','2',OTHER NEUROPLASTY
'0491','2',NEURECTASIS
'0492','2',IMPLANT PERIPH STIMULAT
'0493','2',REMOVE PERIPH STIMULATOR
'0499','2',PERIPHERAL NERVE OPS NEC
'050 ','2',SYMPATH NERVE DIVISION
'0511','1',SYMPATHETIC NERVE BIOPSY
'0519','1',SYMPATH NRV DX PROC NEC
'0521','2',SPHENOPALATIN GANGLIONEC
'0522','2',CERVICAL SYMPATHECTOMY
'0523','2',LUMBAR SYMPATHECTOMY
'0524','2',PRESACRAL SYMPATHECTOMY
'0525','2',PERIART SYMPATHECT (Begin 1995)
'0529','2',OTHER SYMPATHECTOMY
'0581','2',SYMPATHETIC NERVE REPAIR
'0589','2',SYMPATHETIC NERVE OP NEC
'059 ','2',OTHER NERVOUS SYSTEM OPS
'0601','1',ASPIRATION OF THYROID FIELD
'0602','2',REOPEN THYROID FIELD WND
'0609','2',INCIS THYROID FIELD NEC
'0612','1',OPEN THYROID GLAND BX
'0613','1',PARATHYROID BIOPSY
'0619','1',THYR/PARATHY DX PROC NEC
'062 ','2',UNILAT THYROID LOBECTOMY
'0631','2',EXCISION THYROID LESION
'0639','2',PART THYROIDECTOMY NEC
'064 ','2',COMPLETE THYROIDECTOMY
'0650','2',SUBSTERN THYROIDECT NOS
'0651','2',PART SUBSTERN THYROIDECT
'0652','2',TOT SUBSTERN THYROIDECT
'066 ','2',LINGUAL THYROID EXCISION
'067 ','2',THYROGLOSS DUCT EXCISION
'0681','2',TOTAL PARATHYROIDECTOMY
'0689','2',OTHER PARATHYROIDECTOMY
'0691','2',THYROID ISTHMUS DIVISION
'0692','2',THYROID VESSEL LIGATION
'0693','2',THYROID SUTURE
'0694','2',THYROID REIMPLANTATION
'0695','2',PARATHYROID REIMPLANT
'0698','2',OTHER THYROID OPERATIONS
'0699','2',OTHER PARATHYROID OPS
'0700','2',ADRENAL EXPLORATION NOS
'0701','2',UNILAT ADRENAL EXPLORAT
'0702','2',BILAT ADRENAL EXPLORAT
'0712','1',OPEN ADRENAL GLAND BX
'0713','1',TRANSFRONT PITUITARY BX
'0714','1',TRANSPHEN PITUITARY BX
'0715','1',PITUITARY BIOPSY NOS
'0716','1',THYMUS BIOPSY
'0717','1',PINEAL BIOPSY
'0719','1',ENDOCRINE DX PROC NEC
'0721','2',ADRENAL LESION EXCISION
'0722','2',UNILATERAL ADRENALECTOMY
'0729','2',PART ADRENALECTOMY NEC
'073 ','2',BILATERAL ADRENALECTOMY
'0741','2',ADRENAL INCISION
'0742','2',ADRENAL NERVE DIVISION
'0743','2',ADRENAL VESSEL LIGATION
'0744','2',ADRENAL REPAIR
'0745','2',ADRENAL REIMPLANTATION
'0749','2',ADRENAL OPERATION NEC
'0751','2',PINEAL FIELD EXPLORATION
'0752','2',PINEAL GLAND INCISION
'0753','2',PARTIAL PINEALECTOMY
'0754','2',TOTAL PINEALECTOMY
'0759','2',PINEAL OPERATION NEC
'0761','2',EXC PITUIT LESTRANSFRON
'0762','2',EXC PITUIT LESTRANSPHEN
'0763','2',PART EXCIS PITUITARY NOS
'0764','2',TOT EXC PITUITTRANSFRON
'0765','2',TOT EXC PITUITTRANSPHEN
'0768','2',TOTAL EXC PITUITARY NEC
'0769','2',TOTAL EXC PITUITARY NOS
'0771','2',PITUITARY FOSSA EXPLORAT
'0772','2',PITUITARY GLAND INCISION
'0779','2',PITUITARY OPERATION NEC
'0780','2',THYMECTOMY NOS
'0781','2',PART EXCISION OF THYMUS
'0782','2',TOTAL EXCISION OF THYMUS
'0783','2',THORAC PART EXISN THYMUS (Begin 2007)
'0784','2',THORAC TOTAL EXC THYMUS (Begin 2007)
'0791','2',THYMUS FIELD EXPLORATION
'0792','2',INCISION OF THYMUS
'0793','2',REPAIR OF THYMUS
'0794','2',THYMUS TRANSPLANTATION
'0795','2',THORAC INCISION THYMUS (Begin 2007)
'0798','2',OTH THORAC OP THYMUS NOS (Begin 2007)
'0799','2',THYMUS OPERATION NEC
'0801','1',INCISION OF LID MARGIN
'0802','1',BLEPHARORRHAPHY SEVERING
'0809','1',OTHER EYELID INCISION
'0811','1',EYELID BIOPSY
'0820','2',REMOVE EYELID LESION NOS
'0821','2',CHALAZION EXCISION
'0822','2',EXCISE MINOR LES LID NEC
'0823','2',EXC MAJ LES LID PRTTHIC
'0824','2',EXC MAJ LES LID FULTHIC
'0825','2',DESTRUCTION LID LESION
'0831','2',PTOSIS REPFRONT MUS SUT
'0832','2',PTOSIS REPFRON MUS SLNG
'0833','2',PTOSIS REPLEVAT MUS ADV
'0834','2',PTOSIS REPLEVAT MUS NEC
'0835','2',PTOS REPTARSAL TECHNIQ
'0836','2',BLEPHAROPTOS REPAIR NEC
'0837','2',REDUC OVERCORRECT PTOSIS
'0838','2',CORRECT LID RETRACTION
'0841','2',THERMOCAUT/ENTROPION REP
'0842','2',SUTURE ENTROPION REPAIR
'0843','2',WEDG RESEC ENTROPION REP
'0844','2',LID RECONS ENTROPION REP
'0849','2',ENTROPION/ECTROP REP NEC
'0851','2',CANTHOTOMY
'0852','2',BLEPHARORRHAPHY
'0859','2',ADJUST LID POSITION NEC
'0861','2',LID RECONST W SKIN GRAFT
'0862','2',LID RECONST W MUC GRAFT
'0863','2',LID RECONST W HAIR GRAFT
'0864','2',LID RECONTARSOCONJ FLAP
'0869','2',LID RECONSTR W GRAFT NEC
'0870','2',LID RECONSTRUCTION NOS
'0871','2',LID MARG RECONPART THIC
'0872','2',LID RECONSPART THIC NEC
'0873','2',LID MARG RECONS FUL THIC
'0874','2',LID RECONSTFUL THIC NEC
'0882','1',LID MARG LAC RXPART TH
'0883','1',LID LACER RXPRT TH NEC
'0884','1',LID MARG LAC RXFUL THIC
'0885','1',LID LAC RXFUL THIC NEC
'0886','1',LOWER LID RHYTIDECTOMY
'0887','1',UPPER LID RHYTIDECTOMY
'0889','1',EYELID REPAIR NEC
'0891','2',ELECTROSURG LID EPILAT
'0892','2',CRYOSURG LID EPILATION
'0893','2',EYELID EPILATION NEC
'0899','2',EYELID OPERATION NEC
'090 ','2',LACRIMAL GLAND INCISION
'0911','1',LACRIMAL GLAND BIOPSY
'0912','1',LACRIMAL SAC BIOPSY
'0919','1',LACRIMAL SYS DX PROC NEC
'0920','2',EXC LACRIMAL GLAND NOS
'0921','2',EXCIS LES LACRIMAL GLAND
'0922','2',PART DACRYOADENECT NEC
'0923','2',TOTAL DACRYOADENECTOMY
'093 ','2',OTHER LACRIMAL GLAND OPS
'0941','2',LACRIMAL PUNCTUM PROBE
'0942','2',LAC CANALICULI PROBE
'0943','2',NASOLACRIMAL DUCT PROBE
'0944','2',NASOLAC DUCT INTUBAT
'0949','2',LAC PASSAGE MANIP NEC
'0951','2',LAC PUNCTUM INCISION
'0952','2',LAC CANALICULI INCISION
'0953','2',LACRIMAL SAC INCISION
'0959','2',LACRIM PASSAGE INCIS NEC
'096 ','2',LACRIM SAC/PASSAGE EXCIS
'0971','2',CORRECT EVERTED PUNCTUM
'0972','2',PUNCTUM REPAIR NEC
'0973','2',CANALICULUS REPAIR
'0981','2',DACRYOCYSTORHINOSTOMY
'0982','2',CONJUNCTIVOCYSTORHINOST
'0983','2',CONJUNCTIVORHINOS W TUBE
'0991','2',LAC PUNCTUM OBLITERATION
'0999','2',LACRIMAL SYSTEM OP NEC
'100 ','2',INCISE/REMOV CONJUNCT FB
'101 ','2',CONJUNCTIVA INCISION NEC
'1021','1',CONJUNCTIVAL BIOPSY
'1029','1',CONJUNCTIVA DX PROC NEC
'1031','2',EXCISE CONJUNCTIV LESION
'1032','2',DESTRUCT CONJUNC LES NEC
'1033','2',OTH CONJUNC DESTRUC PROC
'1041','2',SYMBLEPH REP W FREE GRFT
'1042','2',GRAFT CONJUNC CULDESAC
'1043','2',CONJUN CULDESAC RX NEC
'1044','2',CONJUNC FREE GRAFT NEC
'1049','2',CONJUNCTIVOPLASTY NEC
'105 ','2',CONJUNC/LID ADHESIOLYSIS
'106 ','2',REPAIR CONJUNCT LACERAT
'1091','2',SUBCONJUNCTIVAL INJECT
'1099','2',CONJUNCTIVAL OP NEC
'110 ','2',MAGNET REMOVAL CORNEA FB
'111 ','2',CORNEAL INCISION
'1121','1',CORNEAL SCRAPE FOR SMEAR
'1122','1',CORNEAL BIOPSY
'1129','1',CORNEAL DX PROC NEC
'1131','2',PTERYGIUM TRANSPOSITION
'1132','2',PTERYG EXC W CORNEA GRFT
'1139','2',PTERYGIUM EXCISION NEC
'1141','2',MECH REMOV CORNEA EPITH
'1142','2',THERMOCAUT CORNEA LESION
'1143','2',CRYOTHERAP CORNEA LESION
'1149','2',DESTRUCT CORNEA LES NEC
'1151','2',SUTURE CORNEA LACERATION
'1152','2',REP CORNEA POSTOP DEHISC
'1153','2',RX CORNEA LAC W CONJ FLP
'1159','2',CORNEAL REPAIR NEC
'1160','2',CORNEAL TRANSPLANT NOS
'1161','2',LAM KERATPLAST W AUTGRFT
'1162','2',LAMELLAR KERATOPLAST NEC
'1163','2',PERF KERATOPL W AUTOGRFT
'1164','2',PERFORAT KERATOPLAST NEC
'1169','2',CORNEAL TRANSPLANT NEC
'1171','2',KERATOMELEUSIS
'1172','2',KERATOPHAKIA
'1173','2',KERATOPROSTHESIS
'1174','2',THERMOKERATOPLASTY
'1175','2',RADIAL KERATOTOMY (Begin 1989)
'1176','2',EPIKERATOPHAKIA (Begin 1989)
'1179','2',CORNEA RECONSTRUCT NEC
'1191','2',CORNEAL TATTOOING
'1192','2',REMOVE CORNEAL IMPLANT
'1199','2',CORNEAL OPERATION NEC
'1200','2',REMOV ANT SEGMNT FB NOS
'1201','2',MAGNET REMOV ANT SEG FB
'1202','2',NONMAG REMOV ANT SEG FB
'1211','2',IRIDOTOMY W TRANSFIXION
'1212','2',IRIDOTOMY NEC
'1213','2',PROLAPSED IRIS EXCISION
'1214','2',IRIDECTOMY NEC
'1221','1',DX ASPIRATANT CHAMBER
'1222','1',IRIS BIOPSY
'1229','1',ANT SEGMENT DX PROC NEC
'1231','2',GONIOSYNECHIAE LYSIS
'1232','2',ANT SYNECHIA LYSIS NEC
'1233','2',POST SYNECHIAE LYSIS
'1234','2',CORNEOVITREAL ADHESIOLYS
'1235','2',COREOPLASTY
'1239','2',IRIDOPLASTY NEC
'1240','2',REMOV ANT SEGMNT LES NOS
'1241','2',NONEXC DESTRUC IRIS LES
'1242','2',EXCISION OF IRIS LESION
'1243','2',NONEXC DESTR CIL BOD LES
'1244','2',EXCISE CILIARY BODY LES
'1251','2',GONIOPUNCTURE
'1252','2',GONIOTOMY
'1253','2',GONIOTOMY W GONIOPUNCTUR
'1254','2',TRABECULOTOMY AB EXTERNO
'1255','2',CYCLODIALYSIS
'1259','2',FACILIT INTRAOC CIRC NEC
'1261','2',TREPHIN SCLERA W IRIDECT
'1262','2',THERMCAUT SCLER W IRIDEC
'1263','2',IRIDENCLEISIS/IRIDOTASIS
'1264','2',TRABECULECTOM AB EXTERNO
'1265','2',SCLER FISTULIZ W IRIDECT
'1266','2',POSTOP REVIS SCL FISTUL
'1267','2',INSERT AQUEOUS DRAIN DEV (Begin 2011)
'1269','2',SCLER FISTULIZING OP NEC
'1271','2',CYCLODIATHERMY
'1272','2',CYCLOCRYOTHERAPY
'1273','2',CYCLOPHOTOCOAGULATION
'1274','2',CIL BODY DIMINUTION NOS
'1279','2',GLAUCOMA PROCEDURE NEC
'1281','2',SUTURE SCLERAL LACER
'1282','2',SCLERAL FISTULA REPAIR
'1283','2',REVIS ANT SEG OP WND NEC
'1284','2',DESTRUCT SCLERAL LESION
'1285','2',REPAIR STAPHYLOM W GRAFT
'1286','2',REP SCLER STAPHYLOMA NEC
'1287','2',GRAFT REINFORCE SCLERA
'1288','2',SCLERA REINFORCEMENT NEC
'1289','2',SCLERAL OPERATION NEC
'1291','2',THERAPEUT EVAC ANT CHAMB
'1292','2',ANTERIOR CHAMBER INJECT
'1293','2',REMOV EPITHEL DOWNGROWTH
'1297','2',IRIS OPERATION NEC
'1298','2',CILIARY BODY OP NEC
'1299','2',ANTERIOR CHAMBER OP NEC
'1300','2',REMOVE FB LENS NOS
'1301','2',MAGNET REMOVE FB LENS
'1302','2',NONMAGNET REMOVE FB LENS
'1311','2',TEMPINF INTRCAP LENS EX
'1319','2',INTRACAPSUL LENS EXT NEC
'132 ','2',LINEAR EXTRACAP LENS EXT
'133 ','2',SIMPL ASPIR LENS EXTRACT
'1341','2',CATARAC PHACOEMULS/ASPIR
'1342','2',POST CATARAC FRAG/ASPIR
'1343','2',CATARACT FRAG/ASPIR NEC
'1351','2',TEMPINF XTRACAP LENS EX
'1359','2',EXTRACAP LENS EXTRAC NEC
'1364','2',AFTERCATAR DISCISSION
'1365','2',AFTERCATARACT EXCISION
'1366','2',AFTER CATAR FRAGMNTATION
'1369','2',CATARACT EXTRACTION NEC
'1370','2',INSERT PSEUDOPHAKOS NOS
'1371','2',INSERT LENS AT CATAR EXT
'1372','2',SECONDARY INSERT LENS
'138 ','2',IMPLANTED LENS REMOVAL
'139 ','2',OTHER OPERATIONS ON LENS
'1390','2',OPERATION ON LENS NEC    (Begin 2006)
'1391','2',IMPL INTRAOC TELESC PROS (Begin 2006)
'1400','2',REMOV POST SEGMNT FB NOS
'1401','2',MAGNET REMOV POST SEG FB
'1402','2',NONMAG REMOV POST SEG FB
'1411','1',DIAGNOST VITREOUS ASPIR
'1419','1',DX PROC POST SEG NEC
'1421','2',CHORIORET LES DIATHERMY
'1422','2',CHORIORETIN LES CRYOTHER
'1426','2',CHORIORET LES RADIOTHER
'1427','2',CHORIORET LES RAD IMPLAN
'1429','2',CHORIORET LES DESTR NEC
'1431','2',RETINAL TEAR DIATHERMY
'1432','2',RETINAL TEAR CRYOTHERAPY
'1439','2',RETINAL TEAR REPAIR NEC
'1441','2',SCLERAL BUCKLE W IMPLANT
'1449','2',SCLERAL BUCKLING NEC
'1451','2',DETACH RETINADIATHERMY
'1452','2',DETACH RETINACRYOTHERAP
'1453','2',DETACH RETINA XENON COAG
'1454','2',DETACH RETINA LASER COAG
'1455','2',DETACH RET PHOTOCOAG NOS
'1459','2',REPAIR RETINA DETACH NEC
'146 ','2',REMOV PROS MAT POST SEG
'1471','2',ANTERIOR REMOV VITREOUS
'1472','2',VITREOUS REMOVAL NEC
'1473','2',ANTERIOR MECHAN VITRECT
'1474','2',MECH VITRECTOMY NEC
'1475','2',VITREOUS SUBSTITUT INJEC
'1479','2',VITREOUS OPERATION NEC
'1481','2',IMPLANTATION OF EPIRETINAL VISUAL PROSTHESIS (Begin 2013)
'1482','2',REMOVAL OF EPIRETINAL VISUAL PROSTHESIS (Begin 2013)
'1483','2',REVISION OR REPLACEMENT OF EPIRETINAL VISUAL PROSTHESIS (Begin 2013)
'149 ','2',OTHER POST SEGMENT OPS
'1501','1',EXTRAOC MUSCTEND BIOPSY
'1509','1',EXTRAOC MUSC DX PROC NEC
'1511','2',ONE EXTRAOC MUS RECESS
'1512','2',1 EXTRAOC MUSCL ADVANCE
'1513','2',1 EXTRAOC MUSCL RESECT
'1519','2',XTRAOC MUS OP/DETACH NEC
'1521','2',LENGTHEN 1 EXTRAOC MUSC
'1522','2',SHORTEN 1 EXTRAOC MUSC
'1529','2',OP ON 1 EXTRAOC MUSC NEC
'153 ','2',TEMP DETACH >1 XTROC MUS
'154 ','2',OTH OP ON >L EXTRAOC MUS
'155 ','2',EXTRAOCUL MUS TRANSPOSIT
'156 ','2',REVIS EXTRAOC MUSC SURG
'157 ','2',EXTRAOC MUSC INJ REPAIR
'159 ','2',OTH EXTRAOC MUSTEND OP
'1601','2',ORBITOTOMY W BONE FLAP
'1602','2',ORBITOTOMY W IMPLANT
'1609','2',ORBITOTOMY NEC
'161 ','2',REMOVE PENETRAT FB EYE
'1622','1',DIAGNOSTIC ASP OF ORBIT
'1623','1',EYEBALL & ORBIT BIOPSY
'1629','1',EYEBAL/ORBIT DX PROC NEC
'1631','2',EYE EVISC W SYNCH IMPLAN
'1639','2',EYEBALL EVISCERATION NEC
'1641','2',EYE ENUC/IMPLAN/MUSC ATT
'1642','2',EYE ENUC W IMPLANT NEC
'1649','2',EYEBALL ENUCLEATION NEC
'1651','2',RADICAL ORBITOMAXILLECT
'1652','2',ORBIT EXENT W BONE REMOV
'1659','2',ORBITAL EXENTERATION NEC
'1661','2',2NDRY OCULAR IMP INSERT
'1662','2',REVIS/REINSERT OCUL IMP
'1663','2',REVIS ENUC SOCKET W GRFT
'1664','2',ENUC SOCKET REVIS NEC
'1665','2',2NDRY EXENT CAVITY GRAFT
'1666','2',REVIS EXENTER CAVITY NEC
'1669','2',2ND OP POST EYE REM NEC
'1671','2',REMOVE OCULAR IMPLANT
'1672','2',REMOVE ORBITAL IMPLANT
'1681','2',REPAIR OF ORBITAL WOUND
'1682','2',REPAIR EYEBALL RUPTURE
'1689','2',EYE/ORBIT INJ REPAIR NEC
'1692','2',EXCISION ORBITAL LESION
'1693','2',EXCISION EYE LESION NOS
'1698','2',OPERATION ON ORBIT NEC
'1699','2',OPERATION ON EYEBALL NEC
'1711','2',LAP DIR ING HERN-GRAFT (begin 2008)
'1712','2',LAP INDIR ING HERN-GRAFT (begin 2008)
'1713','2',LAP ING HERN-GRAFT NOS (begin 2008)
'1721','2',LAP BIL DIR ING HRN-GRFT (begin 2008)
'1722','2',LAP BI INDIR ING HRN-GRF (begin 2008)
'1723','2',LAP BI DR/IND ING HRN-GR (begin 2008)
'1724','2',LAP BIL ING HERN-GRF NOS (begin 2008)
'1731','2',LAP MUL SEG RES LG INTES (begin 2008)
'1732','2',LAPAROSCOPIC CECECTOMY (begin 2008)
'1733','2',LAP RIGHT HEMICOLECTOMY (begin 2008)
'1734','2',LAP RES TRANSVERSE COLON (begin 2008)
'1735','2',LAP LEFT HEMICOLECTOMY (begin 2008)
'1736','2',LAP SIGMOIDECTOMY (begin 2008)
'1739','2',LAP PT EX LRG INTEST NEC (begin 2008)
'1751','2',Implant CCMtotal system (begin 2009)
'1752','2',Implant CCM pulse genrtr (begin 2009)
'1753','2',PERC ATHER EXTRACRAN VSL (Begin 2011)
'1754','2',PERC ATHER INTRACRAN VSL (Begin 2011)
'1755','2',TRANSLUM COR ATHERECTOMY (Begin 2011)
'1756','2',ATHER OTH NON-COR VESSEL (Begin 2011)
'1761','2',LITT lesn brainguidance (begin 2009)
'1762','2',LITT les hd/nckguidance (begin 2009)
'1763','2',LITT lesn liverguidance (begin 2009)
'1769','2',LITT lesn guide oth/NOS (begin 2009)
'1802','1',EXT AUDITORY CANAL INCIS
'1809','1',EXTERNAL EAR INCIS NEC
'1821','2',PREAURICULAR SINUS EXCIS
'1829','1',DESTRUCT EXT EAR LES NEC
'1831','2',RAD EXCIS EXT EAR LES
'1839','2',EXCIS EXTERNAL EAR NEC
'185 ','2',CORRECTION PROMINENT EAR
'186 ','2',EXT AUDIT CANAL RECONSTR
'1871','2',CONSTRUCTION EAR AURICLE
'1872','2',REATTACH AMPUTATED EAR
'1879','2',PLASTIC REP EXT EAR NEC
'189 ','2',OTHER EXT EAR OPERATIONS
'190 ','2',STAPES MOBILIZATION
'1911','2',STAPEDECT W REPLAC INCUS
'1919','2',STAPEDECTOMY NEC
'1921','2',REV STAPDEC W INCUS REPL
'1929','2',STAPEDECTOMY REVIS NEC
'193 ','2',OSSICULAR CHAIN OP NEC
'194 ','2',MYRINGOPLASTY
'1952','2',TYPE 2 TYMPANOPLASTY
'1953','2',TYPE 3 TYMPANOPLASTY
'1954','2',TYPE 4 TYMPANOPLASTY
'1955','2',TYPE 5 TYMPANOPLASTY
'196 ','2',TYMPANOPLASTY REVISION
'199 ','2',MIDDLE EAR REPAIR NEC
'2001','2',MYRINGOTOMY W INTUBATION
'2009','1',OTHER MYRINGOTOMY
'2021','2',MASTOID INCISION
'2022','2',PETRUS PYRAM AIR CEL INC
'2023','2',MIDDLE EAR INCISION
'2032','1',MID & INNER EAR BIOPSY
'2039','1',MID/IN EAR DX PROC NEC
'2041','2',SIMPLE MASTOIDECTOMY
'2042','2',RADICAL MASTOIDECTOMY
'2049','2',MASTOIDECTOMY NEC
'2051','2',EXCISE MIDDLE EAR LESION
'2059','2',MIDDLE EAR EXCISION NEC
'2061','2',INNER EAR FENESTRATION
'2062','2',REVIS INNER EAR FENESTRA
'2071','2',ENDOLYMPHATIC SHUNT
'2072','2',INNER EAR INJECTION
'2079','2',INC/EXC/DESTR IN EAR NEC
'2091','2',TYMPANOSYMPATHECTOMY
'2092','2',MASTOIDECTOMY REVISION
'2093','2',REPAIR OVAL/ROUND WINDOW
'2095','2',ELECMAG HEAR DEV IMPLANT
'2096','2',IMPLT COCHLEAR PROST NOS (Begin 1986)
'2097','2',IMP/REP SCHAN COCH PROS (Begin 1986)
'2098','2',IMP/REP MCHAN COCHL PROS (Begin 1986)
'2099','2',MIDINNER EAR OPS NEC
'2104','2',ETHMOID ART LIGATEPIST
'2105','2',MAX ART LIG FOR EPISTAX
'2106','2',EXT CAROT ART LIGEPIST
'2107','2',NASAL SEPT GRFTEPISTAX
'2109','2',EPISTAXIS CONTROL NEC
'211 ','1',INCISION OF NOSE
'2130','1',NASAL LESION EXCIS NOS
'2131','1',INTRANAS LES DESTRUCTION
'2132','1',NASAL LES DESTRUCT NEC
'214 ','2',RESECTION OF NOSE
'215 ','2',SUBMUC NASAL SEPT RESECT
'2161','2',DIATHER/CRYO TURBINECTOM
'2162','2',TURBINATE FRACTURE
'2169','2',TURBINECTOMY NEC
'2172','2',OPEN REDUCTION NASAL FX
'2182','2',NASAL FISTULA CLOSURE
'2183','2',TOT NASAL RECONSTRUCTION
'2184','2',REVISION RHINOPLASTY
'2185','2',AUGMENTATION RHINOPLASTY
'2186','2',LIMITED RHINOPLASTY
'2187','2',RHINOPLASTY NEC
'2188','2',SEPTOPLASTY NEC
'2189','2',NASAL REPAIR NEC
'2191','1',LYSIS OF ADHESIONS OF NOSE
'2199','2',NASAL OPERATION NEC
'2201','1',PUNCTURE OF NASAL SINUS FOR ASPIRATION OR LAVAGE
'2212','1',OPEN BIOPSY NASAL SINUS (Begin 1988)
'222 ','1',INTRANASAL ANTROTOMY
'2231','2',RADICAL MAXILLARY ANTROT
'2239','2',EXT MAXILLARY ANTROT NEC
'2241','2',FRONTAL SINUSOTOMY
'2242','2',FRONTAL SINUSECTOMY
'2250','2',SINUSOTOMY NOS
'2251','2',ETHMOIDOTOMY
'2252','2',SPHENOIDOTOMY
'2253','2',MULTIPLE SINUS INCISION
'2260','2',SINUSECTOMY NOS
'2261','2',CLUC EXC MAX SINUS LES
'2262','2',EXC MAX SINUS LESION NEC
'2263','2',ETHMOIDECTOMY
'2264','2',SPHENOIDECTOMY
'2271','2',NASAL SINUS FISTULA CLOS
'2279','2',NASAL SINUS REPAIR NEC
'229 ','2',OTHER NASAL SINUS OPS
'240 ','1',GUM OR ALVEOLAR INCISION
'242 ','2',GINGIVOPLASTY
'2431','1',GUM LESION EXCISION
'244 ','2',EXC OF DENTAL LES OF JAW
'245 ','2',ALVEOLOPLASTY
'246 ','1',EXPOSURE OF TOOTH
'2491','1',EXTEN BUCCOLABIAL/SULCUS
'2502','1',(OPEN)OTH BIOPSY OF TONGUE (Begin 1980)
'251 ','2',DESTRUCTION TONGUE LES
'252 ','2',PARTIAL GLOSSECTOMY
'253 ','2',COMPLETE GLOSSECTOMY
'254 ','2',RADICAL GLOSSECTOMY
'2559','2',REPAIR OF TONGUE NEC
'2593','1',LYSIS OF TONGUE ADHESION
'2594','2',OTHER GLOSSOTOMY
'2599','2',TONGUE OPERATION NEC
'260 ','1',INCIS SALIVARY GLND/DUCT
'2612','1',OPEN BX SALIV GLAND/DUCT (Begin 1988)
'2621','2',SALIVARY CYST MARSUPIAL
'2629','2',SALIV LESION EXCIS NEC
'2630','2',SIALOADENECTOMY NOS
'2631','2',PARTIAL SIALOADENECTOMY
'2632','2',COMPLETE SIALOADENECTOMY
'2641','2',SUTURE OF SALIV GLND LAC
'2642','2',SALIVARY FISTULA CLOSURE
'2649','2',SALIVARY REPAIR NEC
'2699','2',SALIVARY OPERATION NEC
'270 ','2',DRAIN FACE & MOUTH FLOOR
'271 ','2',INCISION OF PALATE
'2721','1',BONY PALATE BIOPSY
'2722','1',UVULA & SOFT PALATE BX
'2731','2',LOC EXC BONY PALATE LES
'2732','2',WIDE EXC BONY PALATE LES
'2742','2',WIDE EXCISION OF LIP LES
'2743','2',EXCISION OF LIP LES NEC
'2749','2',EXCISION OF MOUTH NEC
'2753','2',CLOSURE OF MOUTH FISTULA
'2754','2',REPAIR OF CLEFT LIP
'2755','2',FULLTHICK GRFT TO MOUTH
'2756','2',SKIN GRAFT TO MOUTH NEC
'2757','2',PEDICLE ATTACH TO MOUTH
'2759','2',MOUTH REPAIR NEC
'2761','2',SUTURE OF PALATE LACERAT
'2762','2',CLEFT PALATE CORRECTION
'2763','2',REVIS CLEFT PALAT REPAIR
'2769','2',OTH PLASTIC REPAIR PALAT
'2771','2',INCISION OF UVULA
'2772','2',EXCISION OF UVULA
'2773','2',REPAIR OF UVULA
'2779','2',OTHER UVULA OPERATIONS
'2792','2',MOUTH INCISION NOS
'2799','2',ORAL CAVITY OPS NEC
'280 ','2',PERITONSILLAR I & D
'2811','1',TONSIL&ADENOID BIOPSY
'2819','1',TONSIL&ADENOID DX OP NEC
'282 ','2',TONSILLECTOMY
'283 ','2',TONSILLECTOMY/ADENOIDEC
'284 ','2',EXCISION OF TONSIL TAG
'285 ','2',EXCISION LINGUAL TONSIL
'286 ','2',ADENOIDECTOMY
'287 ','2',HEMORR CONTRL POST T & A
'2891','2',INCIS TO REMOV TONSIL FB
'2892','2',EXCIS TONSIL/ADENOID LES
'2899','2',TONSIL/ADENOID OPS NEC
'290 ','2',PHARYNGOTOMY
'292 ','2',EXC BRANCHIAL CLEFT CYST
'2931','2',CRICOPHARYNGEAL MYOTOMY (Begin 1991)
'2932','2',PHARYNGEAL DIVERTICULEC (Begin 1991)
'2933','2',PHARYNGECTOMY (Begin 1991)
'2939','2',EXCIS/DESTR LES PHAR NEC (Begin 1991)
'294 ','2',PLASTIC OP ON PHARYNX
'2951','2',SUTURE OF PHARYNGEAL LAC
'2952','2',CLOS BRANCH CLEFT FISTUL
'2953','2',CLOS PHARYNX FISTULA NEC
'2954','2',LYSIS PHARYNGEAL ADHES
'2959','2',PHARYNGEAL REPAIR NEC
'2991','1',PHARYNGEAL DILATION
'2992','2',DIVIS GLOSSOPHARYNG NERV
'2999','2',PHARYNGEAL OPERATION NEC
'3001','2',LARYNX CYST MARSUPIALIZ
'3009','2',DESTRUCT LARYNX LES NEC
'301 ','2',HEMILARYNGECTOMY
'3021','2',EPIGLOTTIDECTOMY
'3022','2',VOCAL CORDECTOMY
'3029','2',OTHER PART LARYNGECTOMY
'303 ','2',COMPLETE LARYNGECTOMY
'304 ','2',RADICAL LARYNGECTOMY
'311 ','2',TEMPORARY TRACHEOSTOMY
'3121','2',MEDIASTINAL TRACHEOSTOMY
'3129','2',OTHER PERM TRACHEOSTOMY
'313 ','2',INCIS LARYNX TRACHEA NEC
'3145','1',OPN BX LARYNX OR TRACHEA (Begin 1988)
'315 ','2',LOCAL DESTRUC TRACH LES
'3161','2',SUTURE OF LARYNGEAL LAC
'3162','2',LARYNGEAL FISTULA CLOS
'3163','2',LARYNGOSTOMY REVISION
'3164','2',LARYNGEAL FX REPAIR
'3169','2',OTHER LARYNGEAL REPAIR
'3171','2',SUTURE OF TRACHEAL LACER
'3172','2',CLOSURE OF TRACHEOSTOMY
'3173','2',TRACHEA FISTULA CLOS NEC
'3174','2',REVISION OF TRACHEOSTOMY
'3175','2',TRACHEAL RECONSTRUCTION
'3179','2',OTHER TRACHEAL REPAIR
'3191','2',LARYNGEAL NERV DIVISION
'3192','2',LYSIS TRACH/LARYNX ADHES
'3195','2',TRACHEOESOPH FISTULIZAT (Begin 1989)
'3198','2',OTH LARYNGEAL OPERATION
'3199','2',OTHER TRACHEAL OPERATION
'3201','1',ENDOSC DESTRUC BRONC LES (Begin 1989)
'3209','2',OTHER DESTRUC BRONC LES (Begin 1989)
'321 ','2',OTHER BRONCHIAL EXCISION
'3220','2',THORAC EXC LUNG LESION (Begin 2007)
'3221','2',EMPHYSEMA BLEB PLICATION
'3222','2',LUNG VOL REDUCT SURG (Begin 1995)
'3223','2',OPEN ABLTN LUNG LES/TISS (Begin 2006)
'3224','2',PERC ABLTN LUNG LES/TISS (Begin 2006)
'3225','2',THOR ABLTN LUNG LES/TISS (Begin 2006)
'3226','2',ABLTN LUNG TISS NEC/NOS  (Begin 2006)
'3227','2',BRNC THRMPLSTYABLT MSCL (Begin 2010)
'3228','1',ENDOSC DESTRUC LUNG LES (Begin 1989)
'3229','2',DESTROY LOC LUNG LES NEC
'323 ','2',SEGMENTAL LUNG RESECTION (End 2007)
'3230','2',THORAC SEG LUNG RESECT (Begin 2007)
'3239','2',OTH SEG LUNG RESECT NOS (Begin 2007)
'324 ','2',LOBECTOMY OF LUNG (End 2007)
'3241','2',THORAC LOBECTOMY LUNG (Begin 2007)
'3249','2',LOBECTOMY OF LUNG NEC (Begin 2007)
'325 ','2',COMPLETE PNEUMONECTOMY (End 2007)
'3250','2',THORACOSPC PNEUMONECTOMY (Begin 2007)
'3259','2',OTHER PNEUMONECTOMY NOS (Begin 2007)
'326 ','2',RAD DISSEC THORAC STRUCT
'329 ','2',OTHER EXCISION OF LUNG
'330 ','2',INCISION OF BRONCHUS
'331 ','2',INCISION OF LUNG
'3320','1',THORACOSCOPC LUNG BIOPSY (Begin 2007)
'3325','1',OPEN BRONCHIAL BIOPSY
'3327','1',CLOS ENDOSCOPIC LUNG BX (Begin 1987)
'3328','1',OPEN LUNG BIOPSY (Begin 1987)
'3329','1',BRONCH/LUNG DX PROC NEC (Begin 1987)
'3331','1',DESTR PHRENLUNG COLLAPS
'3332','1',PNEMOTHORAXLUNG COLLAPS
'3333','1',PNEUMOPERITLUNG COLLAPS
'3334','2',THORACOPLASTY
'3339','2',SURG COLLAPS OF LUNG NEC
'3341','2',BRONCHIAL LACERAT SUTURE
'3342','2',BRONCHIAL FISTULA CLOS
'3343','2',LUNG LACERATION CLOSURE
'3348','2',BRONCHIAL REPAIR NEC
'3349','2',LUNG REPAIR NEC
'3350','2',LUNG TRANSPL NOS (Begin 1995)
'3351','2',UNILAT LUNG TRANSPL (Begin 1995)
'3352','2',BILAT LUNG TRANSPL (Begin 1995)
'336 ','2',COMB HEART/LUNG TRANSPLA (Begin 1990)
'3371','1',ENDO INSRT/REPL BRON VAL (Begin 2006)
'3373','1',Endo ins/re brnc valmul (begin 2009)
'3378','1',ENDO REM BRONCH DEVC/SUB (Begin 2006)
'3379','1',ENDO INSRT BRONC DEF/SUB (Begin 2006)
'3391','1',BRONCHIAL DILATION
'3392','2',BRONCHIAL LIGATION
'3393','2',PUNCTURE OF LUNG
'3398','2',BRONCHIAL OPERATION NEC
'3399','2',LUNG OPERATION NEC
'3401','1',INCISION OF CHEST WALL
'3402','2',EXPLORATORY THORACOTOMY
'3403','2',REOPEN THORACOTOMY SITE
'3404','1',INSERT INTERCOSTAL CATH
'3405','1',CREATION PLEUROPERITONEAL SH (Begin 1994)
'3406','2',THORAC DRAIN PLEURL CAV (Begin 2007)
'3409','1',OTHER PLEURAL INCISION
'341 ','2',INCISION OF MEDIASTINUM
'3420','1',THORACOSCOPIC PLEURAL BX (Begin 2007)
'3421','1',TRANSPLEURA THORACOSCOPY
'3422','1',MEDIASTINOSCOPY
'3426','1',OPEN MEDIASTINAL BIOPSY
'3427','1',BIOPSY OF DIAPHRAGM
'3428','1',DX PROCEDURE THORAX NEC
'3429','1',DX PROC MEDIASTINUM NEC
'343 ','2',DESTRUCT MEDIASTIN LES
'344 ','2',DESTRUCT CHEST WALL LES
'3451','2',DECORTICATION OF LUNG
'3452','2',THORACOSCOPC DECORT LUNG (Begin 2007)
'3459','2',OTHER PLEURAL EXCISION
'346 ','2',SCARIFICATION OF PLEURA
'3472','1',THORACOSTOMY CLOSURE
'3473','2',CLOS THORACIC FISTUL NEC
'3474','2',PECTUS DEFORMITY REPAIR
'3479','2',OTHER CHEST WALL REPAIR
'3481','2',EXCISE DIAPHRAGM LESION
'3482','2',SUTURE DIAPHRAGM LACERAT
'3483','2',CLOSE DIAPHRAGM FISTULA
'3484','2',OTHER DIAPHRAGM REPAIR
'3485','2',IMPLANT DIAPHRA PACEMAKE
'3489','2',DIAPHRAGM OPERATION NEC
'3493','2',REPAIR OF PLEURA
'3499','2',THORACIC OPERATION NEC
'3500','2',CLOSED VALVOTOMY NOS
'3501','2',CLOSED AORTIC VALVOTOMY
'3502','2',CLOSED MITRAL VALVOTOMY
'3503','2',CLOSED PULMON VALVOTOMY
'3504','2',CLOSED TRICUSP VALVOTOMY
'3505','2',ENDOVAS REPL AORTC VALVE (Begin 2011)
'3506','2',TRNSAPCL REP AORTC VALVE (Begin 2011)
'3507','2',ENDOVAS REPL PULM VALVE (Begin 2011)
'3508','2',TRNSAPCL REPL PULM VALVE (Begin 2011)
'3509','2',ENDOVAS REPL UNS HRT VLV (Begin 2011)
'3510','2',OPEN VALVULOPLASTY NOS
'3511','2',OPN AORTIC VALVULOPLASTY
'3512','2',OPN MITRAL VALVULOPLASTY
'3513','2',OPN PULMON VALVULOPLASTY
'3514','2',OPN TRICUS VALVULOPLASTY
'3520','2',REPLACE HEART VALVE NOS
'3521','2',REPLACE AORT VALVTISSUE
'3522','2',REPLACE AORTIC VALVE NEC
'3523','2',REPLACE MITR VALVTISSUE
'3524','2',REPLACE MITRAL VALVE NEC
'3525','2',REPLACE PULM VALVTISSUE
'3526','2',REPLACE PULMON VALVE NEC
'3527','2',REPLACE TRIC VALVTISSUE
'3528','2',REPLACE TRICUSP VALV NEC
'3531','2',PAPILLARY MUSCLE OPS
'3532','2',CHORDAE TENDINEAE OPS
'3533','2',ANNULOPLASTY
'3534','2',INFUNDIBULECTOMY
'3535','2',TRABECUL CARNEAE CORD OP
'3539','2',TISS ADJ TO VALV OPS NEC
'3541','1',ENLARGEMENT OF EXISTING ATRIAL SEPTAL DEFECT
'3542','2',CREATE SEPTAL DEFECT
'3550','2',PROSTH REP HRT SEPTA NOS
'3551','2',PROS REP ATRIAL DEFOPN
'3552','2',PROS REPAIR ATRIA DEFCL
'3553','2',PROST REPAIR VENTRIC DEF
'3554','2',PROS REP ENDOCAR CUSHION
'3555','2',PROS REP VENTRC DEF-CLOS (Begin 2006)
'3560','2',GRFT REPAIR HRT SEPT NOS
'3561','2',GRAFT REPAIR ATRIAL DEF
'3562','2',GRAFT REPAIR VENTRIC DEF
'3563','2',GRFT REP ENDOCAR CUSHION
'3570','2',HEART SEPTA REPAIR NOS
'3571','2',ATRIA SEPTA DEF REP NEC
'3572','2',VENTR SEPTA DEF REP NEC
'3573','2',ENDOCAR CUSHION REP NEC
'3581','2',TOT REPAIR TETRAL FALLOT
'3582','2',TOTAL REPAIR OF TAPVC
'3583','2',TOT REP TRUNCUS ARTERIOS
'3584','2',TOT COR TRANSPOS GRT VES (Begin 1988)
'3591','2',INTERAT VEN RETRN TRANSP
'3592','2',CONDUIT RT VENTPUL ART
'3593','2',CONDUIT LEFT VENTRAORTA
'3594','2',CONDUIT ARTIUMPULM ART
'3595','2',HEART REPAIR REVISION
'3596','2',PERC HEART VALVULOPLASTY (Begin 1986)
'3597','2',PERC MTRL VLV REPR W IMP (Begin 2010)
'3598','2',OTHER HEART SEPTA OPS
'3599','2',OTHER HEART VALVE OPS
'3603','2',OPEN CORONRY ANGIOPLASTY (Begin 1986)
'3606','2',INSERTION OF NON-DRUG-ELUTING CORONARY ARTERY STENT(S)
'3607','2',INSERTION OF DRUG-ELUTING CORONARY ARTERY STENT(S)
'3609','2',(OTH)REM COR ART OBST(NEC) (Begin 1986)
'3610','2',AORTOCORONARY BYPASS NOS
'3611','2',AORTOCOR BYPAS1 COR ART
'3612','2',AORTOCOR BYPAS2 COR ART
'3613','2',AORTOCOR BYPAS3 COR ART
'3614','2',AORTCOR BYPAS4+ COR ART
'3615','2',1 INT MAMCOR ART BYPASS
'3616','2',2 INT MAMCOR ART BYPASS
'3617','2',ABDCORON ART BYPASS (Begin 1996)
'3619','2',HRT REVAS BYPS ANAS NEC
'362 ','2',ARTERIAL IMPLANT REVASC
'3631','2',OPEN CHEST TRANSMYO REVASC (Begin 1998)
'3632','2',OTH TRANSMYO REVASC (Begin 1998)
'3633','2',ENDO TRANSMYO REVASCULAR (Begin 2006)
'3634','2',PERC TRANSMYO REVASCULAR (Begin 2006)
'3639','2',OTHER HEART REVASC (Begin 1998)
'3691','2',CORON VESS ANEURYSM REP
'3699','2',HEART VESSEL OP NEC
'370 ','1',PERICARDIOCENTESIS
'3710','2',INCISION OF HEART NOS
'3711','2',CARDIOTOMY
'3712','2',PERICARDIOTOMY
'3724','1',PERICARDIAL BIOPSY
'3731','2',PERICARDIECTOMY
'3732','2',HEART ANEURYSM EXCISION
'3733','2',EXC(/DEST) OTH HRT LESION (Begin 1980)
'3734','2',CATH ABLATION LES HEART (Begin 1988)
'3735','2',PARTIAL VENTRICULECTOMY (Begin 1997)
'3736','2',EXC LEFT ATRIAL APPENDAG (begin 2008)
'3737','2',EXC/DEST HRT LES THRSPC (Begin 2010)
'374 ','2',HEART & PERICARD REPAIR
'3741','2',IMPL CARDIAC SUPPORT DEV (Begin 2005)
'3749','2',HEART/PERICARD REPR NEC (Begin 2005)
'3751','2',HEART TRANSPLANTATION (Begin 2003)
'3752','2',IMPLANT TOTAL HEART REPLACEM (Begin 2003)
'3753','2',REPLACE THORACIC UNIT TOTAL (Begin 2003)
'3754','2',REPLACE OTHER COMPONENT HEAR (Begin 2003)
'3755','2',REM INT BIVENT HRT SYS (begin 2008)
'3760','2',IMP BIVN EXT HRT AST SYS (begin 2008)
'3761','2',PULSATION BALLOON IMPLAN
'3762','2',IMPLANT HRT ASST SYS NEC
'3763','2',REPLACE HRT ASSIST SYST
'3764','2',REMOVE HEART ASSIST SYS
'3765','2',IMPL EXTERN HEART ASSIST (Begin 1995)
'3766','2',IMPL INTERN HEART ASSIST (Begin 1995)
'3767','2',IMPLANT CARDIOMYOSTIM SYS (Begin 1998)
'3768','2',PERCUTAN HRT ASSIST SYST (Begin 2004)
'3774','2',INT OR REPL LEAD EPICAR (Begin 1987)
'3775','2',REVISION OF LEAD (Begin 1987)
'3776','2',REPL TV ATRIVENT LEAD (Begin 1987)
'3777','2',REMOVAL OF LEAD W/O REPL (Begin 1987)
'3778','2',INSERTION OF TEMPORARY TRANSVENOUS PACEMAKER SYSTEM
'3779','2',REVIS OR RELOCATE POCKET (Begin 1987)
'3780','2',INT OR REPL PERM PACEMKR (Begin 1987)
'3781','2',INITIAL INSERTION OF SINGLE-CHAMBER DEVICE NOT SPECIFIED AS RATE RESPONSI
'3782','2',INITIAL INSERTION OF SINGLE-CHAMBER DEVICE RATE RESPONSIVE
'3783','2',INITIAL INSERTION OF DUAL-CHAMBER DEVICE
'3785','2',REPL PACEM W 1CHAM NON (Begin 1987)
'3786','2',REPL PACEM 1CHAM RATE (Begin 1987)
'3787','2',REPL PACEM W DUALCHAM (Begin 1987)
'3789','2',REVISE OR REMOVE PACEMAK (Begin 1987)
'3790','1',INS LEFT ATR APPEND DEV (Begin 2004)
'3791','2',OPN CHEST CARDIAC MASSAG
'3794','2',IMPLT/REPL CARDDEFIB TOT (Begin 1986)
'3795','2',IMPLT CARDIODEFIB LEADS (Begin 1986)
'3796','2',IMPLT CARDIODEFIB GENATR (Begin 1986)
'3797','2',REPL CARDIODEFIB LEADS (Begin 1986)
'3798','2',REPL CARDIODEFIB GENRATR (Begin 1986)
'3799','2',OTHER HEART/PERICARD OPS
'3800','2',INCISION OF VESSEL NOS
'3801','2',INTRACRAN VESSEL INCIS
'3802','2',HEAD/NECK VES INCIS NEC
'3803','2',UPPER LIMB VESSEL INCIS
'3804','2',INCISION OF AORTA
'3805','2',THORACIC VESSEL INC NEC
'3806','2',ABDOMEN ARTERY INCISION
'3807','2',ABDOMINAL VEIN INCISION
'3808','2',EMBOLECTOMY LEG VESSEL
'3809','2',LOWER LIMB VEIN INCISION
'3810','2',ENDARTERECTOMY NOS
'3811','2',INTRACRAN ENDARTERECTOMY
'3812','2',HEAD & NECK ENDARTER NEC
'3813','2',UPPER LIMB ENDARTERECTOM
'3814','2',ENDARTERECTOMY OF AORTA
'3815','2',THORACIC ENDARTERECTOMY
'3816','2',ABDOMINAL ENDARTERECTOMY
'3818','2',ENDARTERECTOMY LEG VESL
'3821','1',BLOOD VESSEL BIOPSY
'3826','2',INSRT PRSR SNSR W/O LEAD (Begin 2011)
'3829','1',BLOOD VESSEL DX PROC NEC
'3830','2',VESSEL RESECT/ANAST NOS
'3831','2',INTRACRAN VES RESECANAS
'3832','2',HEAD/NECK VES RESECANAS
'3833','2',ARM VESSEL RESECT/ANAST
'3834','2',AORTA RESECTION & ANAST
'3835','2',THOR VESSEL RESECT/ANAST
'3836','2',ABD VESSEL RESECT/ANAST
'3837','2',ABD VEIN RESECT & ANAST
'3838','2',LEG ARTERY RESECT/ANAST
'3839','2',LEG VEIN RESECT/ANASTOM
'3840','2',VESSEL RESECT/REPLAC NOS
'3841','2',INTRACRAN VES RESECREPL
'3842','2',HEAD/NECK VES RESECREPL
'3843','2',ARM VES RESECT W REPLACE
'3844','2',RESECT ABDM AORTA W REPL (Begin 1986)
'3845','2',RESECT THORAC VES W REPL (Begin 1986)
'3846','2',ABD ARTERY RESEC W REPLA
'3847','2',ABD VEIN RESECT W REPLAC
'3848','2',LEG ARTERY RESEC W REPLA
'3849','2',LEG VEIN RESECT W REPLAC
'3850','2',VARICOSE V LIGSTRIP NOS
'3851','2',INTCRAN VAR V LIGSTRIP
'3852','2',HEAD/NECK VAR V LIGSTR
'3853','2',ARM VARICOSE V LIGSTRIP
'3855','2',THORAC VAR V LIGSTRIP
'3857','2',ABD VARICOS V LIGASTRIP
'3859','2',LEG VARICOS V LIGASTRIP
'3860','2',EXCISION OF VESSEL NOS
'3861','2',INTRACRAN VESSEL EXCIS
'3862','2',HEAD/NECK VESSEL EXCIS
'3863','2',ARM VESSEL EXCISION
'3864','2',EXCISION OF AORTA
'3865','2',THORACIC VESSEL EXCISION
'3866','2',ABDOMINAL ARTERY EXCIS
'3867','2',ABDOMINAL VEIN EXCISION
'3868','2',LEG ARTERY EXCISION
'3869','2',LEG VEIN EXCISION
'387 ','2',INTERRUPTION VENA CAVA
'3880','2',SURG VESSEL OCCLUS NEC
'3881','2',OCCLUS INTRACRAN VES NEC
'3882','2',OCCLUS HEAD/NECK VES NEC
'3883','2',OCCLUDE ARM VESSEL NEC
'3884','2',OCCLUDE AORTA NEC
'3885','2',OCCLUDE THORACIC VES NEC
'3886','2',OCCLUDE ABD ARTERY NEC
'3887','2',OCCLUDE ABD VEIN NEC
'3888','2',OCCLUDE LEG ARTERY NEC
'3889','2',OCCLUDE LEG VEIN NEC
'390 ','2',SYSTEMICPULM ART SHUNT
'391 ','2',INTRAABD VENOUS SHUNT
'3921','2',CAVALPULMON ART ANASTOM
'3922','2',AORTASUBCLVCAROT BYPAS
'3923','2',INTRATHORACIC SHUNT NEC
'3924','2',AORTARENAL BYPASS
'3925','2',AORTAILIACFEMOR BYPASS
'3926','2',INTRAABDOMIN SHUNT NEC
'3927','2',DIALYSIS ARTERIOVENOSTOM
'3928','2',EXTRACRANINTRACR BYPASS(Begin 1991)
'3929','2',VASC SHUNT & BYPASS NEC
'3930','2',SUTURE OF VESSEL NOS
'3931','2',SUTURE OF ARTERY
'3932','2',SUTURE OF VEIN
'3941','2',POSTOP VASC OP HEM CONTR
'3942','2',REVIS REN DIALYSIS SHUNT
'3943','2',REMOV REN DIALYSIS SHUNT
'3949','2',VASC PROC REVISION NEC
'3950','2',ANGIOPLAST/ATHERECT (Begin 1995)
'3951','2',CLIPPING OF ANEURYSM
'3952','2',ANEURYSM REPAIR NEC
'3953','2',ARTERIOVEN FISTULA REP
'3954','2',REENTRY OPERATION
'3955','2',REIMPLAN ABERR RENAL VES
'3956','2',REPAIR VESS W TIS PATCH
'3957','2',REP VESS W SYNTH PATCH
'3958','2',REPAIR VESS W PATCH NOS
'3959','2',REPAIR OF VESSEL NEC
'3965','2',EXTRACORPOREAL MEMB OXY (Begin 1988)
'397 ','2',PERIARTER SYMPATHECTOMY
'3971','2',ENDOVASCULAR IMPLANT IN ABDM (Begin 2000)
'3972','2',ENDOVAS REPAIR/OCCL HEAD & N (Begin 2002)
'3973','2',ENDO IMP GRFT THOR AORTA (Begin 2005)
'3974','2',ENDO REM OBS HD/NECK VES (Begin 2006)
'3975','2',Endo emb hd/nkbare coil (begin 2009)
'3976','2',Endo em hd/nkbioac coil (begin 2009)
'3977','2',TEMP ENDOVSC OCCLS VESSL (Begin 2011)
'3978','2',ENDOVAS IMPLN GRFT AORTA (Begin 2011)
'3979','2',OTHER ENDOVASCULAR REPAIR (Begin 2000)
'398 ','2',VASCULAR BODY OPERATIONS (end 2010)
'3981','2',IMP CRTD SINUS STMTOTL (Begin 2010)
'3982','2',IMP/REP CRTD SINUS LEAD (Begin 2010)
'3983','2',IMP/REP CRTD SINUS GNRTR (Begin 2010)
'3984','2',REV CRTD SINUS STM LEADS (Begin 2010)
'3985','2',REV CRTD SINUS PULSE GEN (Begin 2010)
'3986','2',REM CRTD SINUS STM TOTL (Begin 2010)
'3987','2',REM CRTD SINUS STM LEAD (Begin 2010)
'3988','2',REM CRTD SINUS PULSE GEN (Begin 2010)
'3989','2',OTH CARTD BODY/SINUS OP (Begin 2010)
'3990','2',INSERT NONCOR ART STENT (Begin 1996)
'3991','2',FREEING OF VESSEL
'3992','2',VEIN INJECTSCLEROS AGNT
'3993','2',INSERT VESTOVES CANNUL
'3994','2',REPLAC VESTOVES CANNUL
'3998','2',HEMORRHAGE CONTROL NOS
'3999','2',VESSEL OPERATION NEC
'400 ','2',INCIS LYMPHATIC STRUCTUR
'4011','1',LYMPHATIC STRUCT BIOPSY
'4019','1',LYMPHATIC DIAG PROC NEC
'4021','2',EXCIS DEEP CERVICAL NODE
'4022','2',EXCISE INT MAMMARY NODE
'4023','2',EXCISE AXILLARY NODE
'4024','2',EXCISE INGUINAL NODE
'4029','2',SIMP EXC LYMPH STRUC NEC
'403 ','2',REGIONAL LYMPH NODE EXC
'4040','2',RAD NECK DISSECTION NOS
'4041','2',UNILAT RAD NECK DISSECT
'4042','2',BILAT RAD NECK DISSECT
'4050','2',RAD NODE DISSECTION NOS
'4051','2',RAD DISSEC AXILLARY NODE
'4052','2',RAD DISSEC PERIAORT NODE
'4053','2',RAD DISSECT ILIAC NODES
'4054','2',RADICAL GROIN DISSECTION
'4059','2',RAD NODE DISSECTION NEC
'4061','2',THORAC DUCT CANNULATION
'4062','2',THORACIC DUCT FISTULIZAT
'4063','2',CLOSE THORACIC DUCT FIST
'4064','2',LIGATE THORACIC DUCT
'4069','2',THORACIC DUCT OP NEC
'409 ','2',LYMPH STRUCTURE OP NEC
'4100','2',BONE MARROW TRNSPLNT NOS (Begin 1988)
'4101','2',AUT BONE MARROW TRNSPLNT (Begin 1988)
'4102','2',ALO BONE MARROW TRNSPLNT (Begin 1988)
'4103','2',ALLOGRFT BONE MARROW NOS (Begin 1988)
'4104','2',AUTOL HEMATOPO STEM CELL TRA (Begin 1994)
'4105','2',ALLOGEN HEMATO STEM CELL TRA (Begin 1997)
'4106','2',CORD BLOOD STEM CELL TRANS (Begin 1997)
'4107','2',AUTOL HEMAT STEM CELL TRANS (Begin 2000)
'4108','2',ALLOGEN HEMAT STEM CELL TRAN (Begin 2000)
'4109','2',AUTOL BONE MARROW TRANS W/PU (Begin 2000)
'411 ','1',PUNCTURE OF SPLEEN
'412 ','2',SPLENOTOMY
'4133','1',OPEN SPLEEN BIOPSY
'4141','2',SPLENIC CYST MARSUPIAL
'4142','2',EXC SPLENIC LESION/TISS
'4143','2',PARTIAL SPLENECTOMY
'415 ','2',TOTAL SPLENECTOMY
'4191','1',ASPIRATION OF BONE MARROW FROM DONOR FOR TRANSPLANT
'4193','2',EXC OF ACCESSORY SPLEEN
'4194','2',SPLEEN TRANSPLANTATION
'4195','2',REPAIR OF SPLEEN
'4199','2',SPLEEN OPERATION NEC
'4201','2',ESOPHAGEAL WEB INCISION
'4209','2',ESOPHAGEAL INCISION NEC
'4210','2',ESOPHAGOSTOMY NOS
'4211','2',CERVICAL ESOPHAGOSTOMY
'4212','2',ESOPH POUCH EXTERIORIZAT
'4219','2',EXT FISTULIZAT ESOPH NEC
'4221','1',ESOPHAGOSCOPY BY INCIS
'4225','1',OPEN BIOPSY OF ESOPHAGUS (Begin 1988)
'4231','2',LOC EXCIS ESOPH DIVERTIC
'4232','2',LOCAL EXCIS ESOPHAG NEC
'4233','1',ENDOSC DESTRUC ESOPH LES (Begin 1989)
'4239','2',DESTRUCT ESOPHAG LES NEC
'4240','2',ESOPHAGECTOMY NOS
'4241','2',PARTIAL ESOPHAGECTOMY
'4242','2',TOTAL ESOPHAGECTOMY
'4251','2',THORAC ESOPHAGOESOPHAGOS
'4252','2',THORAC ESOPHAGOGASTROST
'4253','2',THORAC SM BOWEL INTERPOS
'4254','2',THORAC ESOPHAGOENTER NEC
'4255','2',THORAC LG BOWEL INTERPOS
'4256','2',THORAC ESOPHAGOCOLOS NEC
'4258','2',THORAC INTERPOSITION NEC
'4259','2',THORAC ESOPHAG ANAST NEC
'4261','2',STERN ESOPHAGOESOPHAGOST
'4262','2',STERN ESOPHAGOGASTROSTOM
'4263','2',STERN SM BOWEL INTERPOS
'4264','2',STERN ESOPHAGOENTER NEC
'4265','2',STERN LG BOWEL INTERPOS
'4266','2',STERN ESOPHAGOCOLOS NEC
'4268','2',STERN INTERPOSITION NEC
'4269','2',STERN ESOPHAG ANAST NEC
'427 ','2',ESOPHAGOMYOTOMY
'4281','1',INSERT PERM TUBE ESOPHAG
'4282','2',SUTURE ESOPHAGEAL LACER
'4283','2',ESOPHAGOSTOMY CLOSURE
'4284','2',ESOPH FISTULA REPAIR NEC
'4285','2',ESOPHAG STRICTURE REPAIR
'4286','2',PROD SUBQ TUNNEL NO ANAS
'4287','2',ESOPHAGEAL GRAFT NEC
'4289','2',ESOPHAGEAL REPAIR NEC
'4291','2',(INJECT) LIG ESOPH VARIX (Begin 1980)
'4292','1',ESOPHAGEAL DILATION
'430 ','2',GASTROTOMY
'4311','1',PERCU ENDOSC GASTROSTOMY (Begin 1989)
'4319','2',OTHER GASTROSTOMY (Begin 1989)
'433 ','2',PYLOROMYOTOMY
'4341','1',GASTRIC POLYPECTOMYS (Begin 1989)
'4342','2',LOCAL GASTR EXCISION NEC
'4349','2',LOCAL GASTR DESTRUCT NEC
'435 ','2',PROXIMAL GASTRECTOMY
'436 ','2',DISTAL GASTRECTOMY
'437 ','2',PART GASTREC W JEJ ANAST
'4381','2',PART GAST W JEJ TRANSPOS
'4382','2',LAP VERTICAL GASTRECTOMY (Begin 2011)
'4389','2',PARTIAL GASTRECTOMY NEC
'4391','2',TOT GAST W INTES INTERPO
'4399','2',TOTAL GASTRECTOMY NEC
'4400','2',VAGOTOMY NOS
'4401','2',TRUNCAL VAGOTOMY
'4402','2',HIGHLY SELECT VAGOTOMY
'4403','2',SELECTIVE VAGOTOMY NEC
'4411','1',TRANSABDOMIN GASTROSCOPY
'4415','1',OPEN GASTRIC BIOPSY
'4421','2',DILATE PYLORUS INCISION (Begin 1986)
'4422','1',ENDOSCOP DILATE PYLORUS (Begin 1986)
'4429','2',OTHER PYLOROPLASTY (Begin 1986)
'4431','2',HIGH GASTRIC BYPASS
'4432','2',PERCUTANEOUS GASTROJEJUNOSTO (Begin 2001)
'4438','2',LAP GASTROENTEROSTOMY (Begin 2004)
'4439','2',GASTROENTEROSTOMY NEC
'4440','2',SUTURE PEPTIC ULCER NOS
'4441','2',SUT GASTRIC ULCER SITE
'4442','2',SUTURE DUODEN ULCER SITE
'4443','1',ENDOSC CONTROL GAST HEM (Begin 1989)
'4444','1',TRANSCATHETER EMBOLIZATION FOR GASTRIC OR DUODENAL BLEEDING
'4449','1',OTHER CONTROL OF HEMORRHAGE OF STOMACH OR DUODENUM
'445 ','2',REVISION GASTRIC ANASTOM
'4461','2',SUTURE GASTRIC LACERAT
'4462','1',GASTROSTOMY CLOSURE
'4463','2',CLOSE GASTRIC FISTUL NEC
'4464','2',GASTROPEXY
'4465','2',ESOPHAGOGASTROPLASTY
'4466','2',CREAT ESOPHAGASTR SPHINC
'4467','2',LAP CREAT ESOPH SPHINCT (Begin 2004)
'4468','2',LAPAROSCOP GASTROPLASTY (Begin 2004)
'4469','2',GASTRIC REPAIR NEC
'4491','2',LIGATE GASTRIC VARICES
'4492','2',INTRAOP GASTRIC MANIPUL
'4495','2',LAP GASTRIC RESTRIC PROC (Begin 2004)
'4496','2',LAP REV GAST RESTRI PROC (Begin 2004)
'4497','2',LAP REM GAST RESTRIC DEV (Begin 2004)
'4498','2',ADJUST GAST RESTRICT DEV (Begin 2004)
'4499','2',GASTRIC OPERATION NEC
'4500','2',INTESTINAL INCISION NOS
'4501','2',DUODENAL INCISION
'4502','2',SMALL BOWEL INCISION NEC
'4503','2',LARGE BOWEL INCISION
'4511','1',TRANSAB SM BOWEL ENDOSC
'4515','1',OPEN SMALL BOWEL BIOPSY
'4521','1',TRANSAB LG BOWEL ENDOSC
'4526','1',OPEN LARGE BOWEL BIOPSY
'4530','1',ENDOSC DESTRU DUODEN LES (Begin 1989)
'4531','2',(LOC) EXCISE DUODENUM LES (Begin 1980)
'4532','2',DESTRUCT DUODEN LES NEC
'4533','2',LOCAL EXCIS SM BOWEL NEC
'4534','2',DESTR SM BOWEL LES NEC
'4541','2',EXCIS LG INTESTINE LES
'4542','1',ENDO POLPECTOMY LRGE INT (Begin 1988)
'4543','1',ENDOSC DESTRU LG INT LES (Begin 1989)
'4549','2',DESTRUC LG BOWEL LES NEC
'4550','2',INTEST SEG ISOLAT NOS
'4551','2',SM BOWEL SEGMENT ISOLAT
'4552','2',LG BOWEL SEGMENT ISOLAT
'4561','2',MULT SEG SM BOWEL EXCIS
'4562','2',PART SM BOWEL RESECT NEC
'4563','2',TOTAL REMOVAL SM BOWEL
'4571','2',MULT SEG LG BOWEL EXCIS
'4572','2',CECECTOMY
'4573','2',RIGHT HEMICOLECTOMY
'4574','2',TRANSVERSE COLON RESECT
'4575','2',LEFT HEMICOLECTOMY (Begin 1988)
'4576','2',SIGMOIDECTOMY
'4579','2',PART LG BOWEL EXCIS NEC
'458 ','2',TOT INTRAABD COLECTOMY (end 2008)
'4581','2',LAP TOT INTR-AB COLECTMY (begin 2008)
'4582','2',OP TOT INTR-ABD COLECTMY (begin 2008)
'4583','2',TOT ABD COLECTMY NEC/NOS (begin 2008)
'4590','2',INTESTINAL ANASTOM NOS
'4591','2',SMTOSM BOWEL ANASTOM
'4592','2',SM BOWELRECT STUMP ANAS
'4593','2',SMALLTOLARGE BOWEL NEC
'4594','2',LGTOLG BOWEL ANASTOM
'4595','2',ANAL ANASTOMOSIS (Begin 1987)
'4601','2',SM BOWEL EXTERIORIZATION
'4602','2',RESECT EXT SEG SM BOWEL
'4603','2',LG BOWEL EXTERIORIZATION
'4604','2',RESECT EXT SEG LG BOWEL
'4610','2',COLOSTOMY NOS
'4611','2',TEMPORARY COLOSTOMY
'4613','2',PERMANENT COLOSTOMY NEC (Begin 1992)
'4614','1',DELAY OPENING COLOSTOMY
'4620','2',ILEOSTOMY NOS
'4621','2',TEMPORARY ILEOSTOMY
'4622','2',CONTINENT ILEOSTOMY
'4623','2',PERMANENT ILEOSTOMY NEC
'4624','1',DELAY OPENING ILEOSTOMY
'4631','1',DELAY OPENING ENTEROSTOM
'4632','1',PERCU ENDOSC JEJUNOSTOMY (Begin 1989)
'4639','1',ENTEROSTOMY NEC
'4640','2',INTEST STOMA REVIS NOS
'4641','2',SM BOWEL STOMA REVISION
'4642','2',PERICOLOST HERNIA REPAIR
'4643','2',LG BOWEL STOMA REVIS NEC
'4650','2',INTEST STOMA CLOSURE NOS
'4651','2',SM BOWEL STOMA CLOSURE
'4652','2',LG BOWEL STOMA CLOSURE
'4660','2',INTESTINAL FIXATION NOS
'4661','2',SM BOWELABD WALL FIXAT
'4662','2',SMALL BOWEL FIXATION NEC
'4663','2',LG BOWELABD WALL FIXAT
'4664','2',LARGE BOWEL FIXATION NEC
'4671','2',DUODENAL LACERAT SUTURE
'4672','2',DUODENAL FISTULA CLOSURE
'4673','2',SMALL BOWEL SUTURE NEC
'4674','2',CLOSE SM BOWEL FIST NEC
'4675','2',SUTURE LG BOWEL LACERAT
'4676','2',CLOSE LG BOWEL FISTULA
'4679','2',REPAIR OF INTESTINE NEC
'4680','2',INTRAAB BOWEL MANIP NOS
'4681','2',INTRAABD SM BOWEL MANIP
'4682','2',INTRAABD LG BOWEL MANIP
'4685','1',DILATION OF INTESTINE (Begin 1989)
'4686','1',Endo insrt colonic stent (begin 2009)
'4687','1',Insert colonic stent NEC (begin 2009)
'4691','2',MYOTOMY OF SIGMOID COLON
'4692','2',MYOTOMY OF COLON NEC
'4693','2',REVISE SM BOWEL ANASTOM
'4694','2',REVISE LG BOWEL ANASTOM
'4697','2',TRANSPLANT OF INTESTINE (Begin 2000)
'4699','2',INTESTINAL OP NEC
'4701','2',LAPAROSCOP APPENDECT (Begin 1996)
'4709','2',OTHER APPENDECT (Begin 1996)
'4711','2',LAPAROSCOP INCID APPEND (Begin 1996)
'4719','2',OTH INCID APPEND (Begin 1996)
'472 ','2',DRAIN APPENDICEAL ABSC
'4791','2',APPENDICOSTOMY
'4792','2',CLOSE APPENDICEAL FISTUL
'4799','2',APPENDICEAL OPS NEC
'480 ','2',PROTOMY
'481 ','2',PROSTOMY
'4821','1',TRANSAB PROSIGMOIDOSC
'4825','1',OPEN RECTAL BX
'4831','1',RADICAL ELECTROCOAGULATION OF RECTAL LESION OR TISSUE
'4832','1',OTHER ELECTROCOAGULATION OF RECTAL LESION OR TISSUE
'4833','1',DESTRUCTION OF RECTAL LESION OR TISSUE BY LASER
'4834','1',DESTRUCTION OF RECTAL LESION OR TISSUE BY CRYOSURGERY
'4835','2',LOCAL EXCIS RECTAL LES
'4836','1',ENDOSCOP POLYPECT RECTUM (Begin 1995)
'4840','2',PULL-THRU RES RECTUM NOS (begin 2008)
'4841','2',SOAVE SUBMUC RECT RESECT
'4842','2',LAP PULL-THRU RES RECTUM (begin 2008)
'4843','2',OPN PULL-THRU RES RECTUM (begin 2008)
'4849','2',PULLTHRU RECT RESEC NEC
'485 ','2',ABDPERINEAL RECT RESECT (end 2008)
'4850','2',ABDPERNEAL RES RECTM NOS (begin 2008)
'4851','2',LAP ABDPERNEAL RESC REC (begin 2008)
'4852','2',OPN ABDPERNEAL RESC REC (begin 2008)
'4859','2',ABDPERNEAL RESC RECT NEC (begin 2008)
'4861','2',TRANSSAC RECTOSIGMOIDECT
'4862','2',ANT RECT RESECT W COLOST
'4863','2',ANTERIOR RECT RESECT NEC
'4864','2',POSTERIOR RECT RESECTION
'4865','2',DUHAMEL RECTAL RESECTION
'4869','2',RECTAL RESECTION NEC
'4871','2',SUTURE OF RECTAL LACER
'4872','2',CLOSURE OF PROSTOMY
'4873','2',CLOSE RECTAL FIST NEC
'4874','2',RECTORECTOSTOMY
'4875','2',ABDOMINAL PROPEXY
'4876','2',PROPEXY NEC
'4879','2',REPAIR OF RECTUM NEC
'4881','2',PERIRECTAL INCISION
'4882','2',PERIRECTAL EXCISION
'4891','2',INCIS RECTAL STRICTURE
'4892','2',ANORECTAL MYOMECTOMY
'4893','2',REPAIR PERIRECT FISTULA
'4899','2',RECTAL PERIRECT OP NEC
'4901','2',INCIS PERIANAL ABSCESS
'4902','2',PERIANAL INCISION NEC
'4904','2',PERIANAL EXCISION NEC
'4911','2',ANAL FISTULOTOMY
'4912','2',ANAL FISTULECTOMY
'4931','1',ENDOSCOPIC EXCISION OR DESTRUCTION OF LESION OR TISSUE OF ANUS
'4939','2',OTHER DESTRUC ANUS LES (Begin 1989)
'4944','2',HEMORRHOID CRYOTHERAPY
'4945','2',HEMORRHOID LIGATION
'4946','2',HEMORRHOIDECTOMY
'4949','2',HEMORRHOID PROCEDURE NEC
'4951','2',LEFT LAT SPHINCTEROTOMY
'4952','2',POST SPHINCTEROTOMY
'4959','2',ANAL SPHINCTEROTOMY NEC
'496 ','2',EXCISION OF ANUS
'4971','2',SUTURE ANAL LACERATION
'4972','2',ANAL CERCLAGE
'4973','2',CLOSURE OF ANAL FISTULA
'4974','2',GRACILIS MUSC TRANSPLAN
'4975','2',IMPL/REV OF ARTIFICIAL ANAL (Begin 2002)
'4976','2',REMOVAL OF ARTIFICIAL ANAL (Begin 2002)
'4979','2',ANAL SPHINCT REPAIR NEC
'4991','2',INCISION OF ANAL SEPTUM
'4992','2',INSERT SUBQ ANAL STIMUL
'4993','2',ANAL INCISION NEC
'4994','2',REDUCTION ANAL PROLAPSE
'4995','2',CONTROL ANAL HEMORRHAGE
'4999','2',ANAL OPERATION NEC
'500 ','2',HEPATOTOMY
'5012','1',OPEN LIVER BIOPSY
'5014','1',LAPAROSCOPIC LIVER BX (Begin 2007)
'5019','1',HEPATIC DX PROC NEC
'5021','2',MARSUPIALIZAT LIVER LES
'5022','2',PARTIAL HEPATECTOMY
'5023','2',OPN ABLTN LIVER LES/TISS (Begin 2006)
'5024','2',PERC ABLTN LIVER LES/TIS (Begin 2006)
'5025','2',LAP ABLTN LIVER LES/TISS (Begin 2006)
'5026','2',ABLTN LIVER LES/TISS NEC (Begin 2006)
'5029','2',DESTRUC HEPATIC LES NEC
'503 ','2',HEPATIC LOBECTOMY
'504 ','2',TOTAL HEPATECTOMY
'5051','2',AUXILIARY LIVER TRANSPL
'5059','2',LIVER TRANSPLANT NEC
'5061','2',CLOSURE LIVER LACERAT
'5069','2',LIVER REPAIR NEC
'5091','1',PERCUTAN LIVER ASPIRAT
'5101','1',PERCUTAN ASPIRATION GB
'5102','2',TROCAR CHOLECYSTOSTOMY
'5103','2',CHOLECYSTOSTOMY NEC
'5104','2',CHOLECYSTOTOMY NEC
'5113','1',OPEN BIL TRCT BX
'5119','1',BILIARY TR DX PROC NEC
'5121','2',PARTIAL CHOLECYSTECTOMY (Begin 1996)
'5122','2',(TOTAL) CHOLECYSTECTOMY (Begin 1991)
'5123','2',LAPAROSCOPIC CHOLECYSTEC (Begin 1991)
'5124','2',LAPAROSCOP PART CHOLE (Begin 1996)
'5131','2',GBTOHEPAT DUCT ANAST
'5132','2',GBTOINTESTINE ANASTOM
'5133','2',GBTOPANCREAS ANASTOM
'5134','2',GBTOSTOMACH ANASTOMOS
'5135','2',GALLBLADDER ANASTOM NEC
'5136','2',CHOLEDOCHOENTEROSTOMY
'5137','2',HEPATIC DUCTGI ANASTOM
'5139','2',BILE DUCT ANASTOMOS NEC
'5141','2',CDE FOR CALCULUS REMOV
'5142','2',CDE FOR OBSTRUCTION NEC
'5143','2',CHOLEDOCHOHEPAT INTUBAT
'5149','2',INCIS OBSTR BILE DUC NEC
'5151','2',COMMON DUCT EXPLORATION
'5159','2',BILE DUCT INCISION NEC
'5161','2',EXCIS CYST DUCT REMNANT
'5162','2',EXCIS AMPULLA OF VATER
'5163','2',COMMON DUCT EXCIS NEC
'5164','1',ENDOSC DESTRU BILE LES (Begin 1989)
'5169','2',BILE DUCT EXCISION NEC
'5171','2',SIMPLE SUTCOMMON DUCT
'5172','2',CHOLEDOCHOPLASTY
'5179','2',BILE DUCT REPAIR NEC
'5181','2',SPHINCTER OF ODDI DILAT
'5182','2',PANCREAT SPHINCTEROTOM
'5183','2',PANCREAT SPHINCTEROPLAS
'5184','1',ENDOSC DILATION AMPULLA (Begin 1989)
'5185','1',ENDOSC SPHINCTEROTOMY (Begin 1989)
'5186','1',ENDOSC INSER NASOBIL TUB (Begin 1989)
'5187','1',ENDOSC INSER STENT BILE (Begin 1989)
'5188','1',ENDOSC REMOVE BILE STONE (Begin 1989)
'5189','2',SPHINCT OF ODDI OP NEC
'5191','2',REPAIR GB LACERATION
'5192','2',CLOSURE CHOLECYSTOSTOMY
'5193','2',CLOS BILIARY FISTUL NEC
'5194','2',REVIS BILE TRACT ANASTOM
'5195','2',REMOVE BILE DUCT PROSTH
'5196','1',PERC EXTRAC COM DUC CALC
'5197','1',ERCP BILIARY TRACTSE (Begin 1986)
'5198','1',OTHER PERCUTANEOUS PROCEDURES ON BILIARY TRACT
'5199','2',BILIARY TRACT OP NEC
'5201','2',CATH DRAINPANCREAT CYST
'5209','2',PANCREATOTOMY NEC
'5212','1',OPEN PANCREATIC BIOPSY
'5219','1',PANCREATIC DX PROC NEC
'5221','1',ENDOSC DESTR PANCREA LES (Begin 1989)
'5222','2',OTHER DESTRU PANCREA LES (Begin 1989)
'523 ','2',PANCREAT CYST MARSUPIALI
'524 ','2',INT DRAIN PANCREAT CYST
'5251','2',PROXIMAL PANCREATECTOMY
'5252','2',DISTAL PANCREATECTOMY
'5253','2',RAD SUBTOT PANCREATECTOM
'5259','2',PARTIAL PANCREATECT NEC
'526 ','2',TOTAL PANCREATECTOMY
'527 ','2',RAD PANCREATICODUODENECT
'5280','2',PANCREAT TRANSPLANT NOS
'5281','2',REIMPLANT PANCREATIC TIS
'5282','2',PANCREATIC HOMOTRANSPLAN
'5283','2',PANCREATIC HETEROTRANSPL
'5292','2',(OTH) CANNULAT PANCRE DUC (Begin 1980)
'5293','1',ENDOSC INSER PANC STENT (Begin 1989)
'5294','1',ENDOSC REMOVE PANC STONE (Begin 1989)
'5295','2',PANCREATIC REPAIR NEC
'5296','2',PANCREATIC ANASTOMOSIS
'5297','1',ENDOSC INSER NASOPAN TUB (Begin 1989)
'5298','1',ENDOSC DIL PANCREAT DUCT (Begin 1989)
'5299','2',PANCREATIC OPERATION NEC (Begin 1989)
'5300','2',UNILAT ING HERN REP NOS
'5301','2',REPAIR DIRECT ING HERNIA
'5302','2',REPAIR INDIR ING HERNIA
'5303','2',DIR ING HERNIA REPGRAFT
'5304','2',IND ING HERNIA REPGRAFT
'5305','2',ING HERNIA REPGRAFT NOS
'5310','2',BILAT ING HERNIA REP NOS
'5311','2',BILAT DIR ING HERN REP
'5312','2',BILAT IND ING HERN REP
'5313','2',BIL DIR/IND ING HRN REP
'5314','2',BIL DIR ING HRN REPGRFT
'5315','2',BIL IND ING HRN REPGRFT
'5316','2',BIL DIR/IND ING HERNPRO
'5317','2',BIL ING HRN REPGRFT NOS
'5321','2',UNIL FEMOR HRN REPGRFT
'5329','2',UNIL FEMOR HERN REP NEC
'5331','2',BIL FEM HERN REPAIRGRFT
'5339','2',BIL FEM HERN REPAIR NEC
'5341','2',UMBIL HERNIA REPAIRGRFT
'5342','2',LAP UMBIL HERNIA-GRAFT (begin 2008)
'5343','2',LAP UMBILICAL HERNIA NEC (begin 2008)
'5349','2',UMBIL HERNIA REPAIR NEC
'5351','2',INCISIONAL HERNIA REPAIR
'5359','2',ABD WALL HERN REPAIR NEC
'5361','2',INCIS HERNIA REPAIRGRFT
'5362','2',LAP INCIS HERN REPR-GRFT (begin 2008)
'5363','2',LAP HERN ANT ABD-GFT NEC (begin 2008)
'5369','2',ABD HERN REPAIRGRFT NEC
'537 ','2',ABD REPAIRDIAPHR HERNIA (end 2008)
'5371','2',LAP ABD REP-DIAPHR HERN (begin 2008)
'5372','2',OPN ABD DIAPHRM HERN NEC (begin 2008)
'5375','2',ABD REP-DIAPHR HERN NOS (begin 2008)
'5380','2',THOR REPDIAPH HERN NOS
'5381','2',DIAPHRAGMATIC PLICATION
'5382','2',PARASTERN HERNIA REPAIR
'5383','2',LAP THORC APP-DIAPH HERN (begin 2008)
'5384','2',OPN THORC DIAPH HERN NEC (begin 2008)
'539 ','2',OTHER HERNIA REPAIR
'540 ','2',ABDOMINAL WALL INCISION
'5411','2',EXPLORATORY LAPAROTOMY
'5412','2',REOPEN RECENT LAP SITE
'5419','2',LAPAROTOMY NEC
'5421','1',LAPAROSCOPY
'5422','1',ABDOMINAL WALL BIOPSY
'5423','1',PERITONEAL BIOPSY
'5429','1',ABD REGION DX PROC NEC
'543 ','2',DESTRUCT ABD WALL LESION
'544 ','2',DESTRUCT PERITONEAL TISS
'5451','2',LAPSC LYSIS ABD ADHES (Begin 1996)
'5459','2',OTH LYSIS ABD ADHES (Begin 1996)
'5461','2',RECLOSE POST OP DISRUPT
'5462','2',DELAYED CLOS ABD WOUND
'5463','2',ABD WALL SUTURE NEC
'5464','2',PERITONEAL SUTURE
'5471','2',REPAIR OF GASTROSCHISIS
'5472','2',ABDOMEN WALL REPAIR NEC
'5473','2',PERITONEAL REPAIR NEC
'5474','2',OMENTAL REPAIR NEC
'5475','2',MESENTERIC REPAIR NEC
'5492','2',REMOVE FB FROM PERITON
'5493','2',CREATE CUTANPERITON FIST
'5494','2',CREAT PERITONEOVAS SHUNT
'5495','2',PERITONEAL INCISION
'5501','2',NEPHROTOMY
'5502','2',NEPHROSTOMY
'5503','2',PERCU NEPHROSTM W/O FRAG (Begin 1986)
'5504','2',PERCU NEPHROSTMY W FRAG (Begin 1986)
'5511','2',PYELOTOMY
'5512','2',PYELOSTOMY
'5524','1',OPEN RENAL BIOPSY
'5529','1',RENAL DIAGNOST PROC NEC
'5531','2',RENAL LES MARSUPIALIZAT
'5532','2',OPN ABLTN RENAL LES/TISS (Begin 2006)
'5533','2',PERC ABLTN RENL LES/TISS (Begin 2006)
'5534','2',LAP ABLTN RENAL LES/TISS (Begin 2006)
'5535','2',ABLTN RENAL LES/TISS NEC (Begin 2006)
'5539','2',LOC DESTR RENAL LES NEC
'554 ','2',PARTIAL NEPHRECTOMY
'5551','2',NEPHROURETERECTOMY
'5552','2',SOLITARY KIDNEY NEPHRECT
'5553','2',REJECTED KIDNEY NEPHRECT
'5554','2',BILATERAL NEPHRECTOMY
'5561','2',RENAL AUTOTRANSPLANT
'5569','2',KIDNEY TRANSPLANT NEC
'557 ','2',NEPHROPEXY
'5581','2',SUTURE KIDNEY LACERATION
'5582','2',CLOSE NEPHROST & PYELOST
'5583','2',CLOSE RENAL FISTULA NEC
'5584','2',REDUCE RENAL PEDICL TORS
'5585','2',SYMPHYSIOTOMY
'5586','2',RENAL ANASTOMOSIS
'5587','2',CORRECT URETEROPELV JUNC
'5589','2',RENAL REPAIR NEC
'5591','2',RENAL DECAPSULATION
'5592','1',PERCUTAN RENAL ASPIRAT
'5597','2',IMPLANT MECHANIC KIDNEY
'5598','2',REMOV MECHANICAL KIDNEY
'5599','2',RENAL OPERATION NEC
'560 ','2',TU REMOV URETER OBSTRUCT
'561 ','2',URETERAL MEATOTOMY
'562 ','2',URETEROTOMY
'5634','1',OPEN URETERAL BIOPSY (Begin 1987)
'5639','1',URETERAL DX PROCEDUR NEC
'5640','2',URETERECTOMY NOS
'5641','2',PARTIAL URETERECTOMY
'5642','2',TOTAL URETERECTOMY
'5651','2',FORM CUTAN ILEOURETEROST
'5652','2',REVIS CUTAN ILEOURETEROS
'5661','2',FORM CUTAN URETEROSTOMY
'5662','2',REVIS CUTAN URETEROS NEC
'5671','2',URIN DIVERSION TO BOWEL
'5672','2',REVIS URETEROENTEROSTOMY
'5673','2',NEPHROCYSTANASTOMOSI NOS
'5674','2',URETERONEOCYSTOSTOMY
'5675','2',TRANSURETEROURETEROSTOMY
'5679','2',URETERAL ANASTOMOSIS NEC
'5681','2',INTRALUM URETE ADHESIOLY
'5682','2',SUTURE URETERAL LACERAT
'5683','2',URETEROSTOMY CLOSURE
'5684','2',CLOSE URETER FISTULA NEC
'5685','2',URETEROPEXY
'5686','2',REMOVE URETERAL LIGATURE
'5689','2',REPAIR OF URETER NEC
'5691','1',DILATION OF URETERAL MEATUS
'5692','2',IMPLANT URETERAL STIMUL
'5693','2',REPLACE URETERAL STIMUL
'5694','2',REMOVE URETERAL STIMULAT
'5695','2',LIGATION OF URETER
'5699','2',URETERAL OPERATION NEC
'5711','1',PERCUTAN BLADDER ASPIRAT
'5712','2',CYSTOTOMY & ADHESIOLYSIS
'5717','1',PERCUTANEOUS CYSTOSTOMY
'5718','2',OTHER SUPRAPU CYSTOSTOMY (Begin 1989)
'5719','2',CYSTOTOMY NEC
'5722','2',REVISE CYSTOSTOMY(Begin 1989)
'5733','1',CLOS TRANSURETH BLADD BX
'5734','1',OPEN BLADDER BIOPSY
'5739','1',BLADDER DIAGNOS PROC NEC
'5741','2',TU ADHESIOLYSIS BLADDER
'5749','2',TU DESTRUC BLADD LES NEC
'5751','2',EXCISION OF URACHUS
'5759','2',BLADDER LES DESTRUCT NEC
'576 ','2',PARTIAL CYSTECTOMY
'5771','2',RADICAL CYSTECTOMY
'5779','2',TOTAL CYSTECTOMY NEC
'5781','2',SUTURE BLADDER LACERAT
'5782','2',CYSTOSTOMY CLOSURE
'5783','2',ENTEROVESICO FIST REPAIR
'5784','2',VESIC FISTULA REPAIR NEC
'5785','2',CYSTOURETHROPLASTY
'5786','2',BLADDER EXSTROPHY REPAIR
'5787','2',BLADDER RECONSTRUCTION
'5788','2',BLADDER ANASTOMOSIS NEC
'5789','2',BLADDER REPAIR NEC
'5791','2',BLADDER SPHINCTEROTOMY
'5792','1',BLADDER NECK DILATION
'5793','2',CONTROL BLADD HEMORRHAGE
'5796','2',IMPLANT BLADDER STIMULAT
'5797','2',REPLACE BLADDER STIMULAT
'5798','2',REMOVE BLADDER STIMULAT
'5799','2',BLADDER OPERATION NEC
'580 ','2',URETHROTOMY
'581 ','2',URETHRAL MEATOTOMY
'5831','1',ENDOSC DESTR URETHRA LES (Begin 1990)
'5839','1',OTHER LOCAL EXCISION OR DESTRUCTION OF LESION OR TISSUE OF URETHRA
'5841','2',SUTURE URETHRAL LACERAT
'5842','2',URETHROSTOMY CLOSURE
'5843','2',CLOSE URETH FISTULA NEC
'5844','2',URETHRAL REANASTOMOSIS
'5845','2',HYPOEPISPADIUS REPAIR
'5846','2',URETH RECONSTRUCTION NEC
'5847','2',URETHRAL MEATOPLASTY
'5849','2',URETHRAL REPAIR NEC
'585 ','2',URETH STRICTURE RELEASE
'5891','2',PERIURETHRAL INCISION
'5892','2',PERIURETHRAL EXCISION
'5893','2',IMPLT ARTF URIN SPHINCT (Begin 1986)
'5899','2',URETH/PERIURETH OP NEC
'5900','2',RETROPERIT DISSECT NOS
'5901','2',URETEROLYS FOR FIBROSIS
'5902','2',PERIREN ADHESIOLYS NEC
'5903','2',LAPAROSC LYSIS VESC ADH (Begin 1996)
'5909','2',PERIREN/URETER INCIS NEC
'5911','2',PERIVESICAL ADHESIOLYSIS
'5912','2',OTH LYSUS VESICAL ADH (Begin 1996)
'5919','2',PERIVESICAL INCISION NEC
'5921','1',PERIREN/URETERAL BIOPSY
'5929','1',PERIREN/URET DX PROC NEC
'593 ','2',URETHROVES JUNCT PLICAT
'594 ','2',SUPRAPUBIC SLING OP
'595 ','2',RETROPUBIC URETH SUSPENS
'596 ','2',PARAURETHRAL SUSPENSION
'5971','2',LEVATOR MUSC SUSPENSION
'5979','2',URIN INCONTIN REPAIR NEC
'598 ','1',URETERAL CATHETERIZATION
'5991','2',PERIREN/VESICLE EXCISION
'5992','2',PERIREN/VESICLE OP NEC
'600 ','2',INCISION OF PROSTATE
'6012','1',OPEN PROSTATIC BX
'6014','1',OPEN SEMINAL VES BX
'6015','1',PERIPROSTATIC BIOPSY
'6018','1',PROSTATIC DX PROCED NEC
'6019','1',SEMIN VES DX PROCED NEC
'6021','2',TRANSUR ULTRAS LASER PROST (Begin 1995)
'6029','2',OTHER TURP (Begin 1995)
'603 ','2',SUPRAPUBIC PROSTATECTOMY
'604 ','2',RETROPUBIC PROSTATECTOMY
'605 ','2',RADICAL PROSTATECTOMY
'6061','2',LOS EXCIS PROSTATIC LES
'6062','2',PERINEAL PROSTATECTOMY
'6069','2',PROSTATECTOMY NEC
'6071','1',PERCUT SEMIN VES ASPIRAT
'6072','2',SEMINAL VESICLE INCISION
'6073','2',SEMINAL VESICLE EXCISION
'6079','2',SEMINAL VESICLE OP NEC
'6081','2',PERIPROSTATIC INCISION
'6082','2',PERIPROSTATIC EXCISION
'6091','1',PERCUT PROSTATIC ASPIRAT
'6093','2',REPAIR OF PROSTATE
'6094','2',CONTROL POSTOP PROST HEM
'6095','2',TRANS BAL DIL PROS URETH (Begin 1991)
'6096','2',TRANSUR MICROWAVE THERMO PRO (Begin 2000)
'6097','2',TRANSUR OTHER THERMO PROSTAT (Begin 2000)
'6099','2',PROSTATIC OPERATION NEC
'610 ','1',SCROTUM & TUNICA I & D
'612 ','2',EXCISION OF HYDROCELE
'613 ','1',SCROTAL LES DESTRUCTION
'6141','1',SUTURE SCROTAL LACERAT
'6142','2',SCROTAL FISTULA REPAIR
'6149','2',SCROTUM/TUNIC REPAIR NEC
'6192','2',EXCISION TUNICA LES NEC
'6199','2',SCROTUM & TUNICA OP NEC
'620 ','2',INCISION OF TESTES
'6212','1',OPEN TESTICULAR BIOPSY
'6219','1',TESTES DX PROCEDURE NEC
'622 ','2',TESTICULAR LES DESTRUCT
'623 ','2',UNILATERAL ORCHIECTOMY
'6241','2',REMOVE BOTH TESTES
'6242','2',REMOVE SOLITARY TESTIS
'625 ','2',ORCHIOPEXY
'6261','2',SUTURE TESTICULAR LACER
'6269','2',TESTICULAR REPAIR NEC
'627 ','2',INSERT TESTICULAR PROSTH
'6291','1',ASPIRATION OF TESTIS
'6299','2',TESTICULAR OPERATION NEC
'6309','1',SPERMAT CORD/VAS DX NEC
'631 ','2',EXC SPERMATIC VARICOCELE
'632 ','2',EXCISE EPIDIDYMIS CYST
'633 ','2',EXCISE CORD/EPID LES NEC
'634 ','2',EPIDIDYMECTOMY
'6351','2',SUTURE CORD & EPID LACER
'6353','2',TRANSPLANT SPERMAT CORD
'6359','2',CORD & EPIDID REPAIR NEC
'636 ','1',VASOTOMY
'6370','1',MALE STERILIZATION PROCEDURE NOT OTHERWISE SPECIFIED
'6371','1',LIGATION OF VAS DEFERENS
'6372','1',SPERMATIC CORD LIGATION
'6373','1',VASECTOMY
'6381','2',SUTURE VAS & EPIDID LAC
'6382','2',POSTOP VAS RECONSTRUCT
'6383','2',EPIDIDYMOVASOSTOMY
'6385','2',REMOV VAS DEFERENS VALVE
'6389','2',VAS & EPIDIDY REPAIR NEC
'6391','1',ASPIRATION OF SPERMATOCELE
'6392','2',EPIDIDYMOTOMY
'6393','2',SPERMATIC CORD INCISION
'6394','2',SPERM CORD ADHESIOLYSIS
'6395','2',INSERT VALVE IN VAS DEF
'6399','2',CORD/EPID/VAS OPS NEC
'640 ','2',CIRCUMCISION
'6411','1',PENILE BIOPSY
'642 ','2',LOCAL EXCIS PENILE LES
'643 ','2',AMPUTATION OF PENIS
'6441','2',SUTURE PENILE LACERATION
'6442','2',RELEASE OF CHORDEE
'6443','2',CONSTRUCTION OF PENIS
'6444','2',RECONSTRUCTION OF PENIS
'6445','2',REPLANTATION OF PENIS
'6449','2',PENILE REPAIR NEC
'645 ','2',SEX TRANSFORMAT OP NEC
'6491','1',DORSAL/LAT SLIT PREPUCE
'6492','2',INCISION OF PENIS
'6493','2',DIVISION OF PENILE ADHES
'6495','2',INS NONINFL PENIS PROSTH
'6496','2',REMOVE INT PENILE PROSTH
'6497','2',INS INFLATE PENIS PROSTH (Begin 1986)
'6498','2',PENILE OPERATION NEC
'6499','2',MALE GENITAL OP NEC
'6501','2',LAPAROSC OOPHOROTOMY (Begin 1996)
'6509','2',OTHER OOPHOROTOMY (Begin 1996)
'6511','1',OVARIAN ASPIRAT BIOPSY
'6512','1',OVARIAN BIOPSY NEC
'6513','1',LAPAR BX OVARY (Begin 1996)
'6514','1',OTH LAPAR DX PROCS (Begin 1996)
'6519','1',OVARIAN DX PROCEDURE NEC
'6521','2',OVARIAN CYST MARSUPIALIZ
'6522','2',OVARIAN WEDGE RESECTION
'6523','2',LAPAR MARSUP OVARY (Begin 1996)
'6524','2',LAPAR WEDGE RESCT OV (Begin 1996)
'6525','2',OTH LAPAR EXCIS OV (Begin 1996)
'6529','2',LOCAL DESTR OVA LES NEC
'6531','2',LAPARSC OOPHECTOMY UNI (Begin 1996)
'6539','2',OTH LAPARSC OOPHECT UNI (Begin 1996)
'6541','2',LAPAR SALP OOPH UNI (Begin 1996)
'6549','2',OTH SALP OOPH UNI (Begin 1996)
'6551','2',REMOVE BOTH OVARIES
'6552','2',REMOVE SOLITARY OVARY
'6553','2',LAPAR BIL OOPH (Begin 1996)
'6554','2',LAPAR REMOV REMAIN OV (Begin 1996)
'6561','2',REMOVE BOTH TUBES & OVAR
'6562','2',REMOVE SOLITARY TUBE/OVA
'6563','2',LAPAR REMOV SALP OV BIL (Begin 1996)
'6564','2',LAPAR REMV SALP OV REM (Begin 1996)
'6571','2',SIMPLE SUTURE OF OVARY
'6572','2',OVARIAN REIMPLANTATION
'6573','2',SALPINGOOOPHOROPLASTY
'6574','2',LAPAR SUTURE OV (Begin 1996)
'6575','2',LAPAR REIMPLANT OV (Begin 1996)
'6576','2',LAPAR SALPOOPHPLASTY (Begin 1996)
'6579','2',REPAIR OF OVARY NEC
'6581','2',LAPAR LYSIS ADHES OV (Begin 1996)
'6589','2',OTH LYSIS ADHES OV (Begin 1996)
'6591','2',ASPIRATION OF OVARY
'6592','2',TRANSPLANTATION OF OVARY
'6593','2',MANUAL RUPT OVARIAN CYST
'6594','2',OVARIAN DENERVATION
'6595','2',OVARIAN TORSION RELEASE
'6599','2',OVARIAN OPERATION NEC
'6601','2',SALPINGOTOMY (Begin 1992)
'6602','2',SALPINGOSTOMY (Begin 1992)
'6611','1',FALLOPIAN TUBE BIOPSY
'6619','1',FALLOP TUBE DX PROC NEC
'6621','2',BILAT ENDOSC CRUSH TUBE
'6622','2',BILAT ENDOSC DIVIS TUBE
'6629','2',BILAT ENDOS OCC TUBE NEC
'6631','2',BILAT TUBAL CRUSHING NEC
'6632','2',BILAT TUBAL DIVISION NEC
'6639','2',BILAT TUBAL DESTRUCT NEC
'664 ','2',TOTAL UNILAT SALPINGECT
'6651','2',REMOVE BOTH FALLOP TUBES
'6652','2',REMOVE SOLITARY FAL TUBE
'6661','2',DESTROY FALLOP TUBE LES
'6662','2',REMOV TUBE & ECTOP PREG
'6663','2',BILAT PART SALPINGEC NOS
'6669','2',PARTIAL SALPINGECTOM NEC
'6671','2',SIMPL SUTURE FALLOP TUBE
'6672','2',SALPINGOOOPHOROSTOMY
'6673','2',SALPINGOSALPINGOSTOMY
'6674','2',SALPINGOUTEROSTOMY
'6679','2',FALLOP TUBE REPAIR NEC
'668 ','1',FALLOPIAN TUBE INSUFFLAT
'6691','1',FALLOPIAN TUBE ASPIRAT
'6692','2',UNILAT FALLOP TUBE DESTR
'6693','2',IMPL FALLOP TUBE PROSTH
'6694','2',REMOV FALLOP TUBE PROSTH
'6695','2',BLOW THERAPEUT INTO TUBE
'6696','2',FALLOPIAN TUBE DILATION
'6697','2',BURY FIMBRIAE IN UTERUS
'6699','2',FALLOPIAN TUBE OP NEC
'6711','1',ENDOCERVICAL BIOPSY
'6712','1',CERVICAL BIOPSY NEC
'6719','1',CERVICAL DX PROCEDUR NEC
'672 ','2',CONIZATION OF CERVIX
'6731','2',CERVICAL CYST MARSUPIAL
'6732','2',CERVICAL LES CAUTERIZAT
'6733','2',CERVICAL LES CRYOTHERAPY
'6739','2',CERVICAL LES DESTRUC NEC
'674 ','2',AMPUTATION OF CERVIX
'6751','2',TRANSABDOMINAL CERCLAGE OF C (Begin 2001)
'6759','2',OTHER REPAIR OF INT CERVICAL (Begin 2001)
'6761','2',SUTURE CERVICAL LACERAT
'6762','2',CERVICAL FISTULA REPAIR
'6769','2',CERVICAL REPAIR NEC
'680 ','2',HYSTEROTOMY
'6813','1',OPEN UTERINE BIOPSY
'6814','1',OPEN UTERINE LIGAMENT BX
'6815','1',CLOS UTERINE LIGAMENT BX (Begin 1987)
'6816','1',CLOSED UTERINE BIOPSY (Begin 1987)
'6819','1',UTERUS/ADNEX DX PROC NEC
'6821','2',ENDOMET SYNECHIAE DIVIS
'6822','2',INCISION UTERINE SEPTUM
'6823','2',ENDOMETRIAL ABLATION (Begin 1996)
'6824','2',UTERINE ART EMB W COILS (Begin 2011)
'6825','2',UTERINE ART EMB W/O COIL (Begin 2011)
'6829','2',UTERINE LES DESTRUCT NEC
'6831','2',LAPAROSCOPIC SUPRACERVICAL H (Begin 2003)
'6839','2',OTHER SUBTOTAL ABDOMINAL HYS (Begin 2003)
'684 ','2',TOTAL ABD HYSTERECTOMY
'6841','2',LAP TOTAL ABDOMINAL HYST (Begin 2006)
'6849','2',TOTAL ABD HYST NEC/NOS   (Begin 2006)
'6851','2',LAPAR ASSIST VAG HYS (Begin 1996)
'6859','2',OTH VAG HYS (Begin 1996)
'686 ','2',RADICAL ABD HYSTERECTOMY
'6861','2',LAP RADICAL ABDOMNL HYST (Begin 2006)
'6869','2',RADICAL ABD HYST NEC/NOS (Begin 2006)
'687 ','2',RADICAL VAG HYSTERECTOMY
'6871','2',LAP RADICAL VAGINAL HYST (Begin 2006)
'6879','2',RADICAL VAG HYST NEC/NOS (Begin 2006)
'688 ','2',PELVIC EVISCERATION
'689 ','2',OTHER UNSPEC HYSTERECTOMY (Begin 1992)
'6901','2',D & C FOR PREG TERMINAT
'6902','2',D & C POST DELIVERY
'6909','1',D & C NEC
'6919','2',DESTRUC UTER SUPPORT NEC
'6921','2',INTERPOSIT OP UTERIN LIG
'6922','2',UTERINE SUSPENSION NEC
'6923','2',VAG REPAIR INVERS UTERUS
'6929','2',UTERUS/ADNEXA REPAIR NEC
'693 ','2',PARACERV UTERINE DENERV
'6941','2',SUTURE UTERINE LACERAT
'6942','2',CLOSURE UTERINE FISTULA
'6949','2',UTERINE REPAIR NEC
'6951','2',ASPIRAT CURETPREG TERMI
'6952','2',ASPIRAT CURETPOST DELIV
'6959','1',ASPIR CURETT UTERUS NEC
'6995','2',INCISION OF CERVIX
'6997','2',REMOVE PENETRAT CERV FB
'6998','2',UTERINE SUPPORT OP NEC
'6999','2',UTERINE OPERATION NEC
'7012','2',CULDOTOMY
'7013','2',INTRALUM VAG ADHESIOLYS
'7014','2',VAGINOTOMY NEC
'7023','1',CULDESAC BIOPSY
'7024','1',VAGINAL BIOPSY
'7029','1',VAGIN/CULDESAC DX NEC
'7031','2',HYMENECTOMY
'7032','2',EXCIS CULDESAC LESION
'7033','2',EXCISION VAGINAL LESION
'704 ','2',VAGINAL OBLITERATION
'7050','2',CYSTOCEL/RECTOCEL REPAIR
'7051','2',CYSTOCELE REPAIR
'7052','2',RECTOCELE REPAIR
'7053','2',CYSTO & RECTO W GRF/PROS (Begin 2007)
'7054','2',REP CYSTOCEL W GRFT/PROS (Begin 2007)
'7055','2',REP RECTOCELE W GRF/PROS (Begin 2007)
'7061','2',VAGINAL CONSTRUCTION
'7062','2',VAGINAL RECONSTRUCTION
'7063','2',VAGINAL CONST W GRF/PROS (Begin 2007)
'7064','2',VAG RECONST W GRFT/PROS (Begin 2007)
'7071','2',SUTURE VAGINA LACERATION
'7072','2',REPAIR COLOVAGIN FISTULA
'7073','2',REPAIR RECTOVAG FISTULA
'7074','2',REP VAGINOENT FISTUL NEC
'7075','2',REPAIR VAG FISTULA NEC
'7076','2',HYMENORRHAPHY
'7077','2',VAGINAL SUSPENS & FIXAT
'7078','2',VAG SUSP/FIX W GRFT/PROS (Begin 2007)
'7079','2',VAGINAL REPAIR NEC
'708 ','2',VAGINAL VAULT OBLITERAT
'7091','2',VAGINAL OPERATION NEC
'7092','2',CULDESAC OPERATION NEC
'7093','2',CUL-DE-SAC GRF/PROS NEC (Begin 2007)
'7101','2',VULVAR ADHESIOLYSIS
'7109','2',INCIS VULVA/PERINEUM NEC
'7111','1',VULVAR BIOPSY
'7119','1',VULVAR DIAGNOS PROC NEC
'7122','2',INCISE BARTHOLIN
'7123','2',BARTHOLIN GLAND MARSUP
'7124','2',DESTRUC BARTHOLIN GLAND
'7129','2',BARTHOLIN
'713 ','2',LOCAL VULVAR EXCIS NEC
'714 ','2',OPERATIONS ON CLITORIS
'715 ','2',RADICAL VULVECTOMY
'7161','2',UNILATERAL VULVECTOMY
'7162','2',BILATERAL VULVECTOMY
'7171','2',SUTURE VULVAR LACERATION
'7172','2',REPAIR VULVAR FISTULA
'7179','2',VULVAR/PERIN REPAIR NEC
'718 ','2',OT VULVAR OPERATIONS
'719 ','2',OT FEMALE GENITAL OPS
'721 ','1',LOW FORCEPS W EPISIOTOMY
'7221','1',MID FORCEPS W EPISIOTOMY
'7231','1',HIGH FORCEPS W EPISIOT
'7271','1',VACUUM EXT DEL W EPISIOT
'736 ','1',EPISIOTOMY
'7393','1',INCIS CX TO ASSIST DELIV
'7394','2',PUBIOTOMY TO ASSIST DEL
'7399','2',OPS ASSISTING DELIV NEC
'740 ','2',CLASSICAL CSECTION
'741 ','2',LOW CERVICAL CSECTION
'742 ','2',EXTRAPERITONEAL CSECT
'743 ','2',REMOV INTRAPERIT FETUS (Begin 1992)
'744 ','2',CESAREAN SECTION NEC
'7491','2',HYSTEROTOMY TO TERMIN PG
'7499','2',CESAREAN SECTION NOS
'7536','2',CORRECTION FETAL DEFECT
'7550','2',REPAIR OB LAC UTERUS NOS
'7551','2',REPAIR OB LACERAT CERVIX
'7552','2',REPAIR OB LAC CORP UTERI
'7561','2',REPAIR OB LAC BLAD/URETH
'7562','1',REPAIR OB LAC RECT/ANUS
'7569','1',REPAIR OB LACERATION NEC
'7593','2',SURG CORR INVERT UTERUS
'7599','2',OBSTETRIC OPERATION NEC
'7601','2',FACIAL BONE SEQUESTRECT
'7609','2',FACIAL BONE INCISION NEC
'7611','1',FACIAL BONE BIOPSY
'7619','1',FACIAL BONE DX PROC NEC
'762 ','2',DESTRUCT FACIAL BONE LES
'7631','2',PARTIAL MANDIBULECTOMY
'7639','2',PART FACIAL OSTECTOM NEC
'7641','2',TOT MANDIBULEC W RECONST
'7642','2',TOTAL MANDIBULECTOMY NEC
'7643','2',MANDIBULAR RECONST NEC
'7644','2',TOT FACE OSTECT W RECONS
'7645','2',TOT FACE BONE OSTECT NEC
'7646','2',FACIAL BONE RECONSTR NEC
'765 ','2',TEMPOROMAND ARTHROPLASTY
'7661','2',CL OSTEOPLASTY MAND RAMI
'7662','2',OPEN OSTEOPLAS MAND RAMI
'7663','2',OSTEOPLASTY MANDIBLE BDY
'7664','2',MAND ORTHOGNATHIC OP NEC
'7665','2',SEG OSTEOPLASTY MAXILLA
'7666','2',TOT OSTEOPLASTY MAXILLA
'7667','2',REDUCTION GENIOPLASTY
'7668','2',AUGMENTATION GENIOPLASTY
'7669','2',FACIAL BONE REPAIR NEC
'7670','2',REDUCTION FACIAL FX NOS
'7672','2',OPN REDUCT MALAR/ZYGO FX
'7674','2',OPEN REDUCT MAXILLARY FX
'7676','2',OPEN REDUCT MANDIBLE FX
'7677','2',OPEN REDUCT ALVEOLAR FX
'7679','2',OPEN REDUCT FACE FX NEC
'7691','2',BONE GRAFT TO FACE BONE
'7692','2',SYN IMPLANT TO FACE BONE
'7694','2',OPEN REDUCT TM DISLOCAT
'7697','2',REMOVE INT FIX FACE BONE
'7699','2',FACIAL BONE/JNT OP NEC
'7700','2',SEQUESTRECTOMY NOS
'7701','2',CHEST CAGE SEQUESTREC
'7702','2',HUMERUS SEQUESTRECTOMY
'7703','2',RADIUS & ULNA SEQUESTREC
'7704','2',METACARP/CARP SEQUESTREC
'7705','2',FEMORAL SEQUESTRECTOMY
'7706','2',PATELLAR SEQUESTRECTOMY
'7707','2',TIBIA/FIBULA SEQUESTREC
'7708','2',METATAR/TAR SEQUESTREC
'7709','2',SEQUESTRECTOMY NEC
'7710','2',OTHER BONE INCISION NOS
'7711','2',OTHER CHEST CAGE INCIS
'7712','2',OTHER HUMERUS INCISION
'7713','2',OTHER RADIUS/ULNA INCIS
'7714','2',OTH METACARP/CARP INCIS
'7715','2',OTHER FEMORAL INCISION
'7716','2',OTHER PATELLAR INCISION
'7717','2',OTHER TIBIA/FIBULA INCIS
'7718','2',OTH METATARS/TARS INCIS
'7719','2',BONE INCIS W/O DIV NEC
'7720','2',WEDGE OSTEOTOMY NOS
'7721','2',CHEST CAGE WEDG OSTEOTOM
'7722','2',HUMERUS WEDGE OSTEOTOMY
'7723','2',RADIUS/ULNA WEDG OSTEOTO
'7724','2',METACAR/CAR WEDG OSTEOTO
'7725','2',FEMORAL WEDGE OSTEOTOMY
'7726','2',PATELLAR WEDGE OSTEOTOMY
'7727','2',TIBIA/FIBUL WEDG OSTEOT
'7728','2',METATAR/TAR WEDG OSTEOT
'7729','2',WEDGE OSTEOTOMY NEC
'7730','2',OTHER BONE DIVISION NOS
'7731','2',CHEST CAGE BONE DIV NEC
'7732','2',HUMERUS DIVISION NEC
'7733','2',RADIUS/ULNA DIVISION NEC
'7734','2',METACAR/CAR DIVISION NEC
'7735','2',FEMORAL DIVISION NEC
'7736','2',PATELLAR DIVISION NEC
'7737','2',TIBIA/FIBULA DIV NEC
'7738','2',METATAR/TAR DIVISION NEC
'7739','2',BONE DIVISION NEC
'7740','1',BONE BIOPSY NOS
'7741','1',CHEST CAGE BONE BIOPSY
'7742','1',HUMERUS BIOPSY
'7743','1',RADIUS & ULNA BIOPSY
'7744','1',METACARPAL/CARPAL BIOPSY
'7745','1',FEMORAL BIOPSY
'7746','1',PATELLAR BIOPSY
'7747','1',TIBIA & FIBULA BIOPSY
'7748','1',METATARSAL/TARSAL BIOPSY
'7749','1',BONE BIOPSY NEC
'7751','2',BUNIONECT/SFT/OSTEOTOMY
'7752','2',BUNIONECT/SFT/ARTHRODES
'7753','2',OTH BUNIONECT
'7754','2',EXC (CORRECT) BUNIONETTE (Begin 1980)
'7756','2',REPAIR OF HAMMER TOE (Begin 1989)
'7757','2',REPAIR OF CLAW TOE (Begin 1989)
'7758','2',OTH EXC FUS REPAIR TOE (Begin 1989)
'7759','2',BUNIONECTOMY NEC
'7760','2',LOC EXC BONE LESION NOS
'7761','2',EXC CHEST CAGE BONE LES
'7762','2',LOC EXC BONE LES HUMERUS
'7763','2',LOC EXC LES RADIUS/ULNA
'7764','2',LOC EXC LES METACAR/CAR
'7765','2',LOC EXC BONE LES FEMUR
'7766','2',LOC EXC BONE LES PATELLA
'7767','2',LOC EXC LES TIBIA/FIBULA
'7768','2',LOC EXC LES METATAR/TAR
'7769','2',LOC EXC BONE LESION NEC
'7770','2',EXCISE BONE FOR GRFT NOS
'7771','2',EX CHEST CAGE BONEGFT
'7772','2',EXCISE HUMERUS FOR GRAFT
'7773','2',EXCIS RADIUS/ULNAGRAFT
'7774','2',EXCIS METACAR/CARGRAFT
'7775','2',EXCISE FEMUR FOR GRAFT
'7776','2',EXCISE PATELLA FOR GRAFT
'7777','2',EXCISE TIB/FIB FOR GRAFT
'7778','2',EXCIS METATAR/TARGRAFT
'7779','2',EXCISE BONE FOR GFT NEC
'7780','2',OTH PART OSTECTOMY NOS
'7781','2',OTH CHEST CAGE OSTECTOMY
'7782','2',PARTIAL HUMERECTOMY NEC
'7783','2',PART OSTECTRADIUS/ULNA
'7784','2',PART OSTECTMETACAR/CAR
'7785','2',PART OSTECTOMYFEMUR
'7786','2',PARTIAL PATELLECTOMY
'7787','2',PART OSTECTTIBIA/FIBULA
'7788','2',PART OSTECTMETATAR/TAR
'7789','2',PARTIAL OSTECTOMY NEC
'7790','2',TOTAL OSTECTOMY NOS
'7791','2',TOT CHEST CAGE OSTECTOMY
'7792','2',TOTAL OSTECTOMYHUMERUS
'7793','2',TOT OSTECTRADIUS/ULNA
'7794','2',TOT OSTECTMETACARP/CARP
'7795','2',TOT OSTECTOMYFEMUR
'7796','2',TOTAL PATELLECTOMY
'7797','2',TOT OSTECTTIBIA/FIBULA
'7798','2',TOT OSTECTMETATARS/TARS
'7799','2',TOTAL OSTECTOMY NEC
'7800','2',BONE GRAFT NOS
'7801','2',BONE GRAFT TO CHEST CAGE
'7802','2',BONE GRAFT TO HUMERUS
'7803','2',BONE GRAFTRADIUS/ULNA
'7804','2',BONE GRFT TO METACAR/CAR
'7805','2',BONE GRAFT TO FEMUR
'7806','2',BONE GRAFT TO PATELLA
'7807','2',BONE GRAFTTIBIA/FIBULA
'7808','2',BONE GRAFTMETATAR/TAR
'7809','2',BONE GRAFT NEC
'7810','2',PERIOSTEAL SUTURE NOS (Begin 1991)
'7811','2',PERIOST SUTCHEST CAGE (Begin 1991)
'7812','2',PERIOSTEAL SUTHUMERUS (Begin 1991)
'7813','2',PERIOST SUTRADIUS/ULNA (Begin 1991)
'7814','2',PERIOST SUTMETACAR/CAR (Begin 1991)
'7815','2',PERIOSTEAL SUTUREFEMUR (Begin 1991)
'7816','2',PERIOSTEAL SUTURPATELLA (Begin 1991)
'7817','2',PERIOST SUTTIBIA/FIBULA (Begin 1991)
'7818','2',PERIOST SUTMETATAR/TAR (Begin 1991)
'7819','2',PERIOSTEAL SUTURE NEC (Begin 1991)
'7820','2',EPIPHYSEAL STAPLING NOS (Begin 1991)
'7822','2',EPIPHYS STAPLEHUMERUS (Begin 1991)
'7823','2',EPIPHYS STAPLERAD/ULNA (Begin 1991)
'7824','2',EPIPHYSEAL STAPLECARPALS (Begin 1991)
'7825','2',EPIPHYSEAL STAPLEFEMUR (Begin 1991)
'7827','2',EPIPHYS STAPLETIB/FIBUL (Begin 1991)
'7828','2',EPIPHYSEAL STAPLETARSALS (Begin 1991)
'7829','2',EPIPHYSEAL STAPLING NEC (Begin 1991)
'7830','2',OTH BONE LNGTH CHNGE NOS
'7831','2',BONE LNGTH CHNGETHORAX
'7832','2',HUMERUS LENGTH CHANGE
'7833','2',RADIUS/ULNA LENGTH CHNGE
'7834','2',CARPAL LENGTH CHANGE
'7835','2',FEMUR LENGTH CHANGE
'7837','2',TIBIA/FIBULA LNGTH CHNGE
'7838','2',TARSAL LENGTH CHANGE
'7839','2',OTH BONE LNGTH CHNGE NEC (Begin 1991)
'7840','2',OTH BONE REPAIR/PLAST OP
'7841','2',OTH CHEST CAGE REP/PLAST
'7842','2',OTH HUMERUS REPAIR/PLAST
'7843','2',OTH RAD/ULN REPAIR/PLAST
'7844','2',OTH METAC/CARP REP/PLAST
'7845','2',OTH FEMUR REPAIR/PLASTIC
'7846','2',OTH PATELLA REPAIR/PLAST
'7847','2',OTH TIB/FIB REPAIR/PLAST
'7848','2',OTH META/TAR REPA/PLAST
'7849','2',OTH BONE REPA/PLAST NEC
'7850','2',INT FIX W/O FX REDUC NOS
'7851','2',INT FIXATIONCHEST CAGE
'7852','2',INT FIXATIONHUMERUS
'7853','2',INT FIXATIONRADIUS/ULNA
'7854','2',INT FIXATIONMETACAR/CAR
'7855','2',INTERNAL FIXATIONFEMUR
'7856','2',INTERNAL FIXPATELLA
'7857','2',INT FIXATIONTIBIA/FIBUL
'7858','2',INT FIXATIONMETATAR/TAR
'7859','2',INT FIXNO FX REDUCT NEC
'7860','2',REMOVE IMP DEVICE NOS
'7861','2',REMOV IMP DEVCHEST CAGE
'7862','2',REMOVE IMPL DEVHUMERUS
'7863','2',REMOV IMP DEVRADIUS/ULN
'7864','2',REMOV IMP DEVMETAC/CARP
'7865','2',REMOVE IMP DEVICEFEMUR
'7866','2',REMOV IMP DEVICEPATELLA
'7867','2',REMOV IMP DEVTIB/FIBULA
'7868','2',REMOVE IMP DEVMETAT/TAR
'7869','2',REMOVE IMPL DEVICE NEC
'7870','2',OSTEOCLASIS NOS
'7871','2',OSTEOCLASISCHEST CAGE
'7872','2',OSTEOCLASISHUMERUS
'7873','2',OSTEOCLASISRADIUS/ULNA
'7874','2',OSTEOCLASISMETACAR/CAR
'7875','2',OSTEOCLASISFEMUR
'7876','2',OSTEOCLASISPATELLA
'7877','2',OSTEOCLASISTIBIA/FIBULA
'7878','2',OSTEOCLASISMETATAR/TAR
'7879','2',OSTEOCLASIS NEC
'7880','1',OTHER BONE DX PROC NOS
'7881','1',OTH DX PROCEDCHEST CAGE
'7882','1',OTH DX PROCEDHUMERUS
'7883','1',OTH DX PROCRADIUS/ULNA
'7884','1',OTH DX PROCMETACAR/CAR
'7885','1',OTH DX PROCEDFEMUR
'7886','1',OTH DX PROCEDPATELLA
'7887','1',OTH DX PRIBIA/FIBULA
'7888','1',OTH DX PROCMETATAR/TAR
'7889','1',OTHER BONE DX PROC NEC
'7890','2',INSERT BONE STIMUL NOS (Begin 1987)
'7891','2',INSERT BONE STIMULCHEST (Begin 1987)
'7892','2',INSERT BONE STIMHUMERUS (Begin 1987)
'7893','2',INSER BONE STIMRAD/ULNA (Begin 1987)
'7894','2',INSER BONE STIMMETA/CAR (Begin 1987)
'7895','2',INSERT BONE STIMFEMUR (Begin 1987)
'7896','2',INSERT BONE STIMPATELLA (Begin 1987)
'7897','2',INSER BONE STIMTIB/FIB (Begin 1987)
'7898','2',INSER BONE STIMMETA/TAR (Begin 1987)
'7899','2',INSERT BONE STIMUL NEC (Begin 1987)
'7910','2',CL FX REDUCINT FIX NOS
'7911','2',CLOS REDINT FIX HUMERUS
'7912','2',CL REDINT FIX RAD/ULNA
'7913','2',CL REDINT FIX METAC/CAR
'7914','2',CLOSE REDINT FIX FINGER
'7915','2',CLOSED REDINT FIX FEMUR
'7916','2',CL REDINT FIX TIB/FIBU
'7917','2',CL REDINT FIX METAT/TAR
'7918','2',CLOSE REDINT FIX TOE FX
'7919','2',CL FX REDUCINT FIX NEC
'7920','2',OPEN FX REDUCTION NOS
'7921','2',OPEN REDUCHUMERUS FX
'7922','2',OPEN REDUCRADIUS/ULN FX
'7923','2',OPEN REDUCMETAC/CAR FX
'7924','2',OPEN REDUCTIONFINGER FX
'7925','2',OPEN REDUCTIONFEMUR FX
'7926','2',OPEN REDUCTIBIA/FIB FX
'7927','2',OPEN REDUCMETAT/TARS FX
'7928','2',OPEN REDUCTIONTOE FX
'7929','2',OPEN FX REDUCTION NEC
'7930','2',OPN FX RED W INT FIX NOS
'7931','2',OPEN REDINT FIX HUMERUS
'7932','2',OP REDINT FIX RAD/ULNA
'7933','2',OP REDINT FIX METAC/CAR
'7934','2',OPEN REDINT FIX FINGER
'7935','2',OPEN REDUCINT FIX FEMUR
'7936','2',OP REDINT FIX TIB/FIBUL
'7937','2',OP REDINT FIX METAT/TAR
'7938','2',OPEN REDUCTINT FIX TOE
'7939','2',OPN FX RED W INT FIX NEC
'7940','2',CLS REDUCEPIPHY NOS
'7941','2',CLOSE REDHUMERUS EPIPHY
'7942','2',CLS REDRADIUS/UL EPIPHY
'7945','2',CLOSE REDUCFEMUR EPIPHY
'7946','2',CLS REDTIBIA/FIB EPIPHY
'7949','2',CLS REDUCEPIPHY NEC
'7950','2',OPEN REDEPIPHY NOS
'7951','2',OPN REDEPIPHYHUMER
'7952','2',OP REDRADIUS/ULN EPIPHY
'7955','2',OPN REDEPIPHYFEMUR
'7956','2',OP REDTIBIA/FIB EPIPHYS
'7959','2',OPEN REDEPIPHY NEC
'7960','2',OPEN FX SITE DEBRIDE NOS
'7961','2',DEBRID OPEN FXHUMERUS
'7962','2',DEBRID OPN FXRADIUS/ULN
'7963','2',DEBRID OPN FXMETAC/CAR
'7964','2',DEBRID OPN FXFINGER
'7965','2',DEBRID OPN FXFEMUR
'7966','2',DEBRID OPN FXTIBIA/FIB
'7967','2',DEBRID OPN FXMETAT/TAR
'7968','2',DEBRID OPN FXTOE
'7969','2',OPEN FX SITE DEBRIDE NEC
'7980','2',OPEN REDUCDISLOCAT NOS
'7981','2',OPN REDUC DISLOCSHOULDR
'7982','2',OPEN REDUCELBOW DISLOC
'7983','2',OPEN REDUCWRIST DISLOC
'7984','2',OPN REDUC DISLOCHAND
'7985','2',OPEN REDUCHIP DISLOCAT
'7986','2',OPEN REDUCKNEE DISLOCAT
'7987','2',OPEN REDUCANKLE DISLOC
'7988','2',OPN REDUC DISLOCFT/TOE
'7989','2',OPEN REDUCDISLOCAT NEC
'7990','2',UNSPEC OP BONE INJ NOS
'7991','2',HUMERUS INJURY OP NOS
'7992','2',RADIUS/ULNA INJ OP NOS
'7993','2',METACARP/CARP INJ OP NOS
'7994','2',FINGER INJURY OP NOS
'7995','2',FEMUR INJURY OP NOS
'7996','2',TIBIA/FIBULA INJ OP NOS
'7997','2',METATARS/TARS INJ OP NOS
'7998','2',TOE INJURY OPERATION NOS
'7999','2',UNSPEC OPBONE INJ NEC
'8000','2',ARTHROT & PROS REMOV NOS
'8001','2',ARTHROT/PROS REMOVSHLDR
'8002','2',ARTHROT/PROS REMOVELBOW
'8003','2',ARTHROT/PROS REMOVWRIST
'8004','2',ARTHROT/PROS REMOVHAND
'8005','2',ARTHROT/PROS REMOVHIP
'8006','2',ARTHROT/PROS REMOVKNEE
'8007','2',ARTHROT/PROS REMOVANKLE
'8008','2',ARTHROT/PROS REMOVFOOT
'8009','2',ARTHROT & PROS REMOV NEC
'8010','2',OTHER ARTHROTOMY NOS
'8011','2',OTH ARTHROTOMYSHOULDER
'8012','2',OTH ARTHROTOMYELBOW
'8013','2',OTH ARTHROTOMYWRIST
'8014','2',OTH ARTHROTOMYHAND/FNGR
'8015','2',OTH ARTHROTOMYHIP
'8016','2',OTH ARTHROTOMYKNEE
'8017','2',OTH ARTHROTOMYANKLE
'8018','2',OTH ARTHROTOMYFOOT/TOE
'8019','2',OTHER ARTHROTOMY NEC
'8020','1',ARTHROSCOPY NOS
'8021','1',SHOULDER ARTHROSCOPY
'8022','1',ELBOW ARTHROSCOPY
'8023','1',WRIST ARTHROSCOPY
'8024','1',HAND & FINGER ARTHROSCOP
'8025','1',HIP ARTHROSCOPY
'8026','1',KNEE ARTHROSCOPY
'8027','1',ANKLE ARTHROSCOPY
'8028','1',FOOT & TOE ARTHROSCOPY
'8029','1',ARTHROSCOPY NEC
'8040','2',JT STRUCTUR DIVISION NOS
'8041','2',SHOULDER STRUCT DIVISION
'8042','2',ELBOW STRUCTURE DIVISION
'8043','2',WRIST STRUCTURE DIVISION
'8044','2',HAND JOINT STRUCT DIVIS
'8045','2',HIP STRUCTURE DIVISION
'8046','2',KNEE STRUCTURE DIVISION
'8047','2',ANKLE STRUCTURE DIVISION
'8048','2',FOOT JOINT STRUCT DIVIS
'8049','2',JT STRUCTUR DIVISION NEC
'8050','2',EXC/DEST INTVRT DISC NOS (Begin 1986)
'8051','2',EXCISION INTERVERT DISC (Begin 1986)
'8053','2',REP ANULUS FIBROSUS-GRFT (begin 2008)
'8054','2',REP ANULS FIBROS NEC/NOS (begin 2008)
'8059','2',OTH EXC/DEST INTVRT DISC (Begin 1986)
'806 ','2',EXCIS KNEE SEMILUN CARTL
'8070','2',SYNOVECTOMYSITE NOS
'8071','2',SHOULDER SYNOVECTOMY
'8072','2',ELBOW SYNOVECTOMY
'8073','2',WRIST SYNOVECTOMY
'8074','2',HAND SYNOVECTOMY
'8075','2',HIP SYNOVECTOMY
'8076','2',KNEE SYNOVECTOMY
'8077','2',ANKLE SYNOVECTOMY
'8078','2',FOOT SYNOVECTOMY
'8079','2',SYNOVECTOMYSITE NEC
'8080','2',DESTRUCT JOINT LES NOS
'8081','2',DESTRUCSHOULDER LES NEC
'8082','2',DESTRUCELBOW LESION NEC
'8083','2',DESTRUCWRIST LESION NEC
'8084','2',DESTRUCHAND JT LES NEC
'8085','2',DESTRUCTHIP LESION NEC
'8086','2',DESTRUCTKNEE LESION NEC
'8087','2',DESTRUCANKLE LESION NEC
'8088','2',DESTRUCFOOT JT LES NEC
'8089','2',DESTRUCT JOINT LES NEC
'8090','2',EXCISION OF JOINT NOS
'8091','2',EXCISION OF SHOULDER NEC
'8092','2',EXCISION OF ELBOW NEC
'8093','2',EXCISION OF WRIST NEC
'8094','2',EXCISION HAND JOINT NEC
'8095','2',EXCISION OF HIP NEC
'8096','2',EXCISION OF KNEE NEC
'8097','2',EXCISION OF ANKLE NEC
'8098','2',EXCISION FOOT JOINT NEC
'8099','2',EXCISION OF JOINT NEC
'8100','2',SPINAL FUSION NOS
'8101','2',ATLASAXIS FUSION
'8102','2',OTHER CERVICAL FUS (ANT) (Begin 1980)
'8103','2',(DORSAL) SPINAL FUSS (Begin 1989)
'8104','2',DORSOLUM FUS W/ H ROD (Begin 1989)
'8105','2',OTH DORSOLUM FUS (Begin 1989)
'8106','2',LUMBAR SPINAL FUS(Begin 1989)
'8107','2',LUMBOSAC SPINAL FUSS (Begin 1989)
'8108','2',REFUSION OF SPINE(Begin 1989)
'8109','2',OTHER SPINAL FUS (Begin 1989)
'8111','2',ANKLE FUSION
'8112','2',TRIPLE ARTHRODESIS
'8113','2',SUBTALAR FUSION
'8114','2',MIDTARSAL FUSION
'8115','2',TARSOMETATARSAL FUSION
'8116','2',METATARSOPHALANGEAL FUS
'8117','2',OTHER FUSION OF FOOT
'8118','2',SUBTALR JT ARTHROEREISIS (Begin 2005)
'8120','2',ARTHRODESIS NOS
'8121','2',ARTHRODESIS OF HIP
'8122','2',ARTHRODESIS OF KNEE
'8123','2',ARTHRODESIS OF SHOULDER
'8124','2',ARTHRODESIS OF ELBOW
'8125','2',CARPORADIAL FUSION
'8126','2',METACARPOCARPAL FUSION
'8127','2',METACARPOPHALANGEAL FUS
'8128','2',INTERPHALANGEAL FUSION
'8129','2',ARTHRODESIS NEC
'8130','2',REFUSION SPINE NOS (Begin 2001)
'8131','2',REFUSION ATLASAXIS SPINE(Begin 2001)
'8132','2',REFUSION CERVICAL SPINE ANT (Begin 2001)
'8133','2',REFUSION CERVICAL SPINE POST (Begin 2001)
'8134','2',REFUSION DORSAL SPINE ANT(Begin 2001)
'8135','2',REFUSION DORSAL SPINE POST T (Begin 2001)
'8136','2',REFUSION LUMBAR SPINE ANT(Begin 2001)
'8137','2',REFUSION LUMBAR SPINE LAT(Begin 2001)
'8138','2',REFUSION LUMBAR SPINE POST (Begin 2001)
'8139','2',REFUSION SPINE NEC (Begin 2001)
'8140','2',REPAIR OF HIP NEC (Begin 1989)
'8142','2',FIVEINONE KNEE REPAIR
'8143','2',TRIAD KNEE REPAIR
'8144','2',PATELLAR STABILIZATION
'8145','2',CRUCIATE LIG REPAIR NEC
'8146','2',COLLATERL LIG REPAIR NEC
'8147','2',OTHER REPAIR OF KNEE
'8149','2',OTHER REPAIR OF ANKLE
'8151','2',TOT HIP REPLACE (W/MET) (Begin 1989)
'8152','2',PARTIAL HIP REPLACEMENT (Begin 1989)
'8153','2',REVISE HIP REPLACEMENT (Begin 1989)
'8154','2',TOTAL KNEE REPLACEMENT (Begin 1989)
'8155','2',REVISE KNEE REPLACEMENT (Begin 1989)
'8156','2',TOTAL ANKLE REPLACEMENT (Begin 1989)
'8157','2',REPL JOINT OF FOOT TOE (Begin 1989)
'8159','2',REV OF JOINT REPLACE OF LOWE (Begin 1989)
'8162','2',FUSION OR REFUSION OF 23 VE (Begin 2003)
'8163','2',FUSION OR REFUSION OF 48 VE (Begin 2003)
'8164','2',FUSION OR REFUSION OF 9 OR M (Begin 2003)
'8165','2',VERTEBROPLASTY (Begin 2004)
'8166','2',KYPHOPLASTY (Begin 2004)
'8171','2',ARTHRPLAS (HAND/FINGR)WIT (Begin 1980)
'8172','2',ARTHROPLASTY METACAR W/O (Begin 1989)
'8173','2',TOTAL WRIST REPLACEMENT (Begin 1989)
'8174','2',ARTHROPLASTY CARPAL WIT (Begin 1989)
'8175','2',ARTHROPLASTY CARPAL W/O (Begin 1989)
'8179','2',OTH REPAIR (HAND/FINGR) (Begin 1989)
'8180','2',TOTAL SHOULDER REPLACE (Begin 1989)
'8181','2',(ARTHRPLST) SHOULDER WIT (Begin 1980)
'8182','2',REP RECUR SHLDER DISLOC
'8183','2',SHOULDER ARTHROPLAST NEC
'8184','2',ARTHRPLST ELBOW WITS (Begin 1980)
'8185','2',ELBOW ARTHROPLASTY NEC
'8188','2',RVRS TOTL SHLDR REPLACMT (Begin 2010)
'8193','2',SUTUR CAPSUL/LIGAMEN ARM
'8194','2',SUTURE CAPSUL/LIG ANK/FT
'8195','2',SUTUR CAPSUL/LIG LEG NEC
'8196','2',OTHER REPAIR OF JOINT
'8197','2',REVIS UP EXTR JNT REPL (Begin 1992)
'8198','1',OTHER JOINT DX PROCEDURE
'8199','2',JOINT STRUCTURE OP NEC
'8201','2',EXPLOR TEND SHEATHHAND
'8202','2',MYOTOMY OF HAND
'8203','2',BURSOTOMY OF HAND
'8204','1',I & D PALMAR/THENAR SPAC
'8209','2',INC SOFT TISSUE HAND NEC
'8211','2',TENOTOMY OF HAND
'8212','2',FASCIOTOMY OF HAND
'8219','2',DIV SOFT TISSUE HAND NEC
'8221','2',EXC LES TEND SHEATH HAND
'8222','2',EXCISION HAND MUSCLE LES
'8229','2',EXC LES SFT TISS HND NEC
'8231','2',BURSECTOMY OF HAND
'8232','2',EXCIS HAND TEND FOR GRFT
'8233','2',HAND TENONECTOMY NEC
'8234','2',EXC HND MUS/FAS FOR GRFT
'8235','2',HAND FASCIECTOMY NEC
'8236','2',OTHER MYECTOMY OF HAND
'8239','2',HAND SOFT TISSUE EXC NEC
'8241','2',SUTURE TENDN SHEATH HAND
'8242','2',DELAY SUT FLEX TEND HAND
'8243','2',DELAY SUT HAND TEND NEC
'8244','2',SUTUR FLEX TEND HAND NEC
'8245','2',SUTURE HAND TENDON NEC
'8246','2',SUTURE HAND MUSCLE/FASC
'8251','2',HAND TENDON ADVANCEMENT
'8252','2',HAND TENDON RECESSION
'8253','2',HAND TENDON REATTACHMENT
'8254','2',HAND MUSCLE REATTACHMENT
'8255','2',CHNG HND MUS/TEN LNG NEC
'8256','2',TRANSPLANT HAND TEND NEC
'8257','2',TRANSPOSIT HAND TEND NEC
'8258','2',TRANSPLANT HAND MUSC NEC
'8259','2',TRANSPOSIT HAND MUSC NEC
'8261','2',POLLICIZATION OPERATION
'8269','2',THUMB RECONSTRUCTION NEC
'8271','2',HAND TEND PULLEY RECONST
'8272','2',PLAST OP HNDMUS/FAS GRF
'8279','2',PLAST OP HAND W GRFT NEC
'8281','2',TRANSFER OF FINGER
'8282','2',REPAIR OF CLEFT HAND
'8283','2',REPAIR OF MACRODACTYLY
'8284','2',REPAIR OF MALLET FINGER
'8285','2',OTHER TENODESIS OF HAND
'8286','2',OTHER TENOPLASTY OF HAND
'8289','2',HAND PLASTIC OP NEC
'8291','2',LYSIS OF HAND ADHESIONS
'8299','2',HAND MUS/TEN/FAS/OPS NEC
'8301','2',TENDON SHEATH EXPLORAT
'8302','2',MYOTOMY
'8303','2',BURSOTOMY
'8309','2',SOFT TISSUE INCISION NEC
'8311','2',ACHILLOTENOTOMY
'8312','2',ADDUCTOR TENOTOMY OF HIP
'8313','2',OTHER TENOTOMY
'8314','2',FASCIOTOMY
'8319','2',SOFT TISSUE DIVISION NEC
'8321','1',SOFT TISSUE BIOPSY
'8329','1',SOFT TISSUE DX PROC NEC
'8331','2',EXCIS LES TENDON SHEATH
'8332','2',EXCIS LESION OF MUSCLE
'8339','2',EXC LES SOFT TISSUE NEC
'8341','2',TENDON EXCISION FOR GRFT
'8342','2',OTHER TENONECTOMY
'8343','2',MUSC/FASC EXCIS FOR GRFT
'8344','2',OTHER FASCIECTOMY
'8345','2',OTHER MYECTOMY
'8349','2',OTHER SOFT TISSUE EXCIS
'835 ','2',BURSECTOMY
'8361','2',TENDON SHEATH SUTURE
'8362','2',DELAYED TENDON SUTURE
'8363','2',ROTATOR CUFF REPAIR
'8364','2',OTHER SUTURE OF TENDON
'8365','2',OTHER MUSCLE/FASC SUTURE
'8371','2',TENDON ADVANCEMENT
'8372','2',TENDON RECESSION
'8373','2',TENDON REATTACHMENT
'8374','2',MUSCLE REATTACHMENT
'8375','2',TENDON TRNSFR/TRANSPLANT
'8376','2',OTHER TENDON TRANSPOSIT
'8377','2',MUSCLE TRNSFR/TRANSPLANT
'8379','2',OTHER MUSCLE TRANSPOSIT
'8381','2',TENDON GRAFT
'8382','2',MUSCLE OR FASCIA GRAFT
'8383','2',TENDON PULLEY RECONSTRUC
'8384','2',CLUBFOOT RELEASE NEC
'8385','2',MUSC/TEND LNG CHANGE NEC
'8386','2',QUADRICEPSPLASTY
'8387','2',OTHER PLASTIC OPS MUSCLE
'8388','2',OTHER PLASTIC OPS TENDON
'8389','2',OTHER PLASTIC OPS FASCIA
'8391','2',ADHESIOLYSIS MUS/TEN/FAS
'8392','2',INSERT SKEL MUSC STIMULA
'8393','2',REMOV SKEL MUSC STIMULAT
'8399','2',MUS/TEN/FAS/BUR OP NEC
'8400','2',UPPER LIMB AMPUTAT NOS
'8401','2',FINGER AMPUTATION
'8402','2',THUMB AMPUTATION
'8403','2',AMPUTATION THROUGH HAND
'8404','2',DISARTICULATION OF WRIST
'8405','2',AMPUTATION THRU FOREARM
'8406','2',DISARTICULATION OF ELBOW
'8407','2',AMPUTATION THRU HUMERUS
'8408','2',SHOULDER DISARTICULATION
'8409','2',FOREQUARTER AMPUTATION
'8410','2',LOWER LIMB AMPUTAT NOS
'8411','2',TOE AMPUTATION
'8412','2',AMPUTATION THROUGH FOOT
'8413','2',DISARTICULATION OF ANKLE
'8414','2',AMPUTAT THROUGH MALLEOLI
'8415','2',BELOW KNEE AMPUTAT NEC
'8416','2',DISARTICULATION OF KNEE
'8417','2',ABOVE KNEE AMPUTATION
'8418','2',DISARTICULATION OF HIP
'8419','2',HINDQUARTER AMPUTATION
'8421','2',THUMB REATTACHMENT
'8422','2',FINGER REATTACHMENT
'8423','2',FOREARM/WRIST/HAND REATT
'8424','2',UPPER ARM REATTACHMENT
'8425','2',TOE REATTACHMENT
'8426','2',FOOT REATTACHMENT
'8427','2',LOWER LEG/ANKLE REATTACH
'8428','2',THIGH REATTACHMENT
'8429','2',REATTACHMENT NEC
'843 ','2',AMPUTATION STUMP REVIS
'8440','2',IMPLNT/FIT PROS LIMB NOS
'8444','2',IMPLANT ARM PROSTHESIS
'8448','2',IMPLANT LEG PROSTHESIS
'8458','2',IMP INTRSPINE DECOMP DEV (Begin 2005) (End 2007)
'8459','2',INSERT OTHR SPIN DEVICE (Begin 2004)
'8460','2',INSERT DISC PROS NOS (Begin 2004)
'8461','2',INS PART DISC PROS CERV (Begin 2004)
'8462','2',INS TOT DISC PROST CERV (Begin 2004)
'8463','2',INS SPIN DISC PROS THOR (Begin 2004)
'8464','2',INS PART DISC PROS LUMB (Begin 2004)
'8465','2',INS TOTL DISC PROS LUMB (Begin 2004)
'8466','2',REVISE DISC PROST CERV (Begin 2004)
'8467','2',REVISE DISC PROST THORA (Begin 2004)
'8468','2',REVISE DISC PROSTH LUMB (Begin 2004)
'8469','2',REVISE DISC PROSTH NOS (Begin 2004)
'8480','2',INS/REPL INTERSPINE DEV (Begin 2007)
'8481','2',REV INTERSPINE DEVICE (Begin 2007)
'8482','2',INS/REPL PDCL STABIL DEV (Begin 2007)
'8483','2',REV PEDCL DYN STABIL DEV (Begin 2007)
'8484','2',INS/REPL FACET REPLC DEV (Begin 2007)
'8485','2',REV FACET REPLACE DEVICE (Begin 2007)
'8491','2',AMPUTATION NOS
'8492','2',SEPARAT EQUAL JOIN TWIN
'8493','2',SEPARAT UNEQUL JOIN TWIN
'8494','2',INS STRN FIX W RGD PLATE (Begin 2010)
'8499','2',MUSCULOSKELETAL OP NEC
'850 ','1',MASTOTOMY
'8512','1',OPEN BREAST BX
'8520','2',BREAST TISSU DESTRUC NOS
'8521','2',LOCAL EXCIS BREAST LES
'8522','2',QUADRANT RESECT BREAST
'8523','2',SUBTOTAL MASTECTOMY
'8524','2',EXC ECTOPIC BREAST TISSU
'8525','2',EXCISION OF NIPPLE
'8531','2',UNILAT REDUCT MAMMOPLAST
'8532','2',BILAT REDUCT MAMMOPLASTY
'8533','2',UNIL SUBQ MAMMECTIMPLNT
'8534','2',UNILAT SUBQ MAMMECT NEC
'8535','2',BIL SUBQ MAMMECTIMPLANT
'8536','2',BILAT SUBQ MAMMECTOM NEC
'8541','2',UNILAT SIMPLE MASTECTOMY
'8542','2',BILAT SIMPLE MASTECTOMY
'8543','2',UNILAT EXTEN SIMP MASTEC
'8544','2',BILAT EXTEND SIMP MASTEC
'8545','2',UNILAT RADICAL MASTECTOM
'8546','2',BILAT RADICAL MASTECTOMY
'8547','2',UNIL EXT RAD MASTECTOMY
'8548','2',BIL EXTEN RAD MASTECTOMY
'8550','2',AUGMENT MAMMOPLASTY NOS
'8553','2',UNILAT BREAST IMPLANT
'8554','2',BILATERAL BREAST IMPLANT
'8555','2',FAT GRAFT TO BREAST (Begin 2010)
'856 ','2',MASTOPEXY
'857 ','2',TOTAL BREAST RECONSTRUCT (end 2008)
'8570','2',TOTL RECONSTC BREAST NOS (begin 2008)
'8571','2',LATISS DORSI MYOCUT FLAP (begin 2008)
'8572','2',TRAM FLAP PEDICLED (begin 2008)
'8573','2',TRAM FLAP FREE (begin 2008)
'8574','2',DIEP FLAP FREE (begin 2008)
'8575','2',SIEA FLAP FREE (begin 2008)
'8576','2',GAP FLAP FREE (begin 2008)
'8579','2',TOTL RECONST BREAST NEC (begin 2008)
'8581','1',SUTURE BREAST LACERATION
'8582','2',BREAST SPLITTHICK GRAFT
'8583','2',BREAST FULLTHICK GRAFT
'8584','2',BREAST PEDICLE GRAFT
'8585','2',BREAST MUSCLE FLAP GRAFT
'8586','2',TRANSPOSITION OF NIPPLE
'8587','2',NIPPLE REPAIR NEC
'8589','2',MAMMOPLASTY NEC
'8591','1',ASPIRATION OF BREAST
'8593','2',BREAST IMPLANT REVISION
'8594','2',BREAST IMPLANT REMOVAL
'8595','2',INS BRST TIS EXPAN (Begin 1987)
'8596','2',REM BRST TIS EXPAN (Begin 1987)
'8599','2',BREAST OPERATION NEC
'8603','1',INCISION PILONIDAL SINUS
'8606','2',INSERT INFUSION PUMP (Begin 1987)
'8607','1',INSERT VASC ACCESS DEV (Begin 1990)
'8621','2',EXCISION OF PILONID CYST
'8622','2',WOUND DEBRIDEMENT(Begin 1980)
'8625','2',DERMABRASION
'864 ','2',RADICAL EXCIS SKIN LES
'8651','1',REPLANTATION OF SCALP
'8660','2',FREE SKIN GRAFT NOS
'8661','2',FULLTHICK HAND SKIN GRF
'8662','2',HAND SKIN GRAFT NEC
'8663','2',FULLTHICK SKIN GRFT NEC
'8665','2',HETEROGRAFT TO SKIN
'8666','2',HOMOGRAFT TO SKIN
'8667','2',DERMAL REGENERATIVE GRAFT(Begin 1998)
'8669','2',FREE SKIN GRAFT NEC
'8670','2',PEDICLE GRAFT/FLAP NOS
'8671','2',CUT & PREP PEDICLE GRAFT
'8672','2',PEDICLE GRAFT ADVANCEMEN
'8673','2',ATTACH PEDICLE TO HAND
'8674','2',ATTACH PEDICLE GRAFT NEC
'8675','2',REVISION OF PEDICLE GRFT
'8681','2',REPAIR FACIAL WEAKNESS
'8682','2',FACIAL RHYTIDECTOMY
'8683','2',SIZE REDUCT PLASTIC OP
'8684','2',RELAXATION OF SCAR
'8685','2',SYNDACTYLY CORRECTION
'8686','2',ONYCHOPLASTY
'8687','2',FAT GRFT SKIN/SUBQ TISS (Begin 2010)
'8689','2',SKIN REPAIR & PLASTY NEC
'8690','2',EXT FAT FOR GRFT/BANKING (Begin 2010)
'8691','2',SKIN EXCISION FOR GRAFT
'8693','2',INSERT TISSUE EXPANDER (Begin 1987)
'8694','2',INS/REPL SINGLE PUL GEN (Begin 2004)
'8695','2',INS/REPL DUAL PULSE GEN (Begin 2004)
'8696','2',INSERT/REPL OTH NEUROST (Begin 2004)
'8697','2',INS/REP 1 PUL GENRECHRG (Begin 2005)
'8698','2',INS/REP 2 PUL GENRECHRG (Begin 2005)
'8753','1',INTRAOPER CHOLANGIOGRAM
'9227','2',RADIOACTIVE ELEM IMPLANT
'9504','1',ANESTHETIZED EYE EXAM
